model_yr,mfr_name,division,carline,mfr_code,model_type_index,engine_displacement,no_cylinders,transmission_speed,city_mpg,hwy_mpg,comb_mpg,guzzler,air_aspir_method,air_aspir_method_desc,transmission,transmission_desc,no_gears,trans_lockup,trans_creeper_gear,drive_sys,drive_desc,fuel_usage,fuel_usage_desc,class,car_truck,release_date,fuel_cell
2021,aston martin,Aston Martin Lagonda Ltd,Vantage Manual,ASX,5,4,8,Manual(M7),14,21,17,N,TC,Turbocharged,M,Manual,7,N,N,R,"2-Wheel Drive, Rear",GP,Gasoline (Premium Unleaded Recommended),Two Seaters,car,2020-08-10T00:00:00Z,N
2021,MAZDA,MAZDA,MX-5,TKX,401,2,4,Manual(M6),26,34,29,N,"NA",Naturally Aspirated,M,Manual,6,N,Y,R,"2-Wheel Drive, Rear",GP,Gasoline (Premium Unleaded Recommended),Two Seaters,car,2020-12-17T00:00:00Z,NA
2021,Nissan,NISSAN,370Z,NSX,57,3.7,6,Manual(M6),17,26,20,N,"NA",Naturally Aspirated,M,Manual,6,N,N,R,"2-Wheel Drive, Rear",GPR,Gasoline (Premium Unleaded Required),Two Seaters,car,2021-01-01T00:00:00Z,NA
2021,Porsche,Porsche,718 Boxster,PRX,201,2,4,Manual(M6),20,26,22,N,TC,Turbocharged,M,Manual,6,N,N,R,"2-Wheel Drive, Rear",GPR,Gasoline (Premium Unleaded Required),Two Seaters,car,2020-10-01T00:00:00Z,NA
2021,Porsche,Porsche,718 Boxster GTS 4.0,PRX,223,4,6,Manual(M6),17,24,19,N,"NA",Naturally Aspirated,M,Manual,6,N,N,R,"2-Wheel Drive, Rear",GP,Gasoline (Premium Unleaded Recommended),Two Seaters,car,2020-12-02T00:00:00Z,NA
2021,Porsche,Porsche,718 Boxster S,PRX,221,2.5,4,Manual(M6),19,24,21,N,TC,Turbocharged,M,Manual,6,N,N,R,"2-Wheel Drive, Rear",GPR,Gasoline (Premium Unleaded Required),Two Seaters,car,2020-10-01T00:00:00Z,NA
2021,Porsche,Porsche,718 Boxster T,PRX,233,2,4,Manual(M6),20,26,22,N,TC,Turbocharged,M,Manual,6,N,N,R,"2-Wheel Drive, Rear",GPR,Gasoline (Premium Unleaded Required),Two Seaters,car,2020-10-01T00:00:00Z,NA
2021,Porsche,Porsche,718 Cayman,PRX,211,2,4,Manual(M6),20,26,22,N,TC,Turbocharged,M,Manual,6,N,N,R,"2-Wheel Drive, Rear",GPR,Gasoline (Premium Unleaded Required),Two Seaters,car,2020-10-01T00:00:00Z,NA
2021,Porsche,Porsche,718 Cayman GT4,PRX,235,4,6,Manual(M6),17,23,19,N,"NA",Naturally Aspirated,M,Manual,6,N,N,R,"2-Wheel Drive, Rear",GP,Gasoline (Premium Unleaded Recommended),Two Seaters,car,2020-12-02T00:00:00Z,NA
2021,Porsche,Porsche,718 Cayman GTS 4.0,PRX,227,4,6,Manual(M6),17,24,19,N,"NA",Naturally Aspirated,M,Manual,6,N,N,R,"2-Wheel Drive, Rear",GP,Gasoline (Premium Unleaded Recommended),Two Seaters,car,2020-12-02T00:00:00Z,NA
2021,Porsche,Porsche,718 Cayman S,PRX,231,2.5,4,Manual(M6),19,24,21,N,TC,Turbocharged,M,Manual,6,N,N,R,"2-Wheel Drive, Rear",GPR,Gasoline (Premium Unleaded Required),Two Seaters,car,2020-10-01T00:00:00Z,NA
2021,Porsche,Porsche,718 Cayman T,PRX,243,2,4,Manual(M6),20,26,22,N,TC,Turbocharged,M,Manual,6,N,N,R,"2-Wheel Drive, Rear",GPR,Gasoline (Premium Unleaded Required),Two Seaters,car,2020-10-01T00:00:00Z,NA
2021,Porsche,Porsche,718 Spyder,PRX,225,4,6,Manual(M6),17,23,19,N,"NA",Naturally Aspirated,M,Manual,6,N,N,R,"2-Wheel Drive, Rear",GP,Gasoline (Premium Unleaded Recommended),Two Seaters,car,2020-12-02T00:00:00Z,NA
2021,Lotus,Lotus Cars Ltd,Evora GT,LTX,9,3.5,6,Manual(M6),17,26,20,N,SC,Supercharged,M,Manual,6,N,N,R,"2-Wheel Drive, Rear",GP,Gasoline (Premium Unleaded Recommended),Minicompact Cars,car,2020-10-13T00:00:00Z,NA
2021,BMW,Mini,COOPER CONVERTIBLE,BMX,37,1.5,3,Manual(M6),26,37,30,N,TC,Turbocharged,M,Manual,6,N,N,F,"2-Wheel Drive, Front",GP,Gasoline (Premium Unleaded Recommended),Minicompact Cars,car,2020-03-31T00:00:00Z,NA
2021,BMW,Mini,COOPER S CONVERTIBLE,BMX,59,2,4,Manual(M6),23,32,26,N,TC,Turbocharged,M,Manual,6,N,N,F,"2-Wheel Drive, Front",GP,Gasoline (Premium Unleaded Recommended),Minicompact Cars,car,2020-03-31T00:00:00Z,NA
2021,Porsche,Porsche,911 Carrera 4S,PRX,113,3,6,Manual(M7),17,25,20,N,TC,Turbocharged,M,Manual,7,N,N,A,All Wheel Drive,GPR,Gasoline (Premium Unleaded Required),Minicompact Cars,car,2020-11-09T00:00:00Z,NA
2021,Porsche,Porsche,911 Carrera 4S Cabriolet,PRX,115,3,6,Manual(M7),17,24,20,N,TC,Turbocharged,M,Manual,7,N,N,A,All Wheel Drive,GPR,Gasoline (Premium Unleaded Required),Minicompact Cars,car,2020-11-09T00:00:00Z,NA
2021,Porsche,Porsche,911 Carrera S,PRX,105,3,6,Manual(M7),18,25,21,N,TC,Turbocharged,M,Manual,7,N,N,R,"2-Wheel Drive, Rear",GPR,Gasoline (Premium Unleaded Required),Minicompact Cars,car,2020-11-09T00:00:00Z,NA
2021,Porsche,Porsche,911 Carrera S Cabriolet,PRX,107,3,6,Manual(M7),17,25,20,N,TC,Turbocharged,M,Manual,7,N,N,R,"2-Wheel Drive, Rear",GPR,Gasoline (Premium Unleaded Required),Minicompact Cars,car,2020-11-09T00:00:00Z,NA
2021,Porsche,Porsche,911 Targa 4S,PRX,119,3,6,Manual(M7),17,24,20,N,TC,Turbocharged,M,Manual,7,N,N,A,All Wheel Drive,GPR,Gasoline (Premium Unleaded Required),Minicompact Cars,car,2020-11-09T00:00:00Z,NA
2021,BMW,BMW,230i Coupe,BMX,201,2,4,Manual(M6),21,32,25,N,TC,Turbocharged,M,Manual,6,N,N,R,"2-Wheel Drive, Rear",GP,Gasoline (Premium Unleaded Recommended),Subcompact Cars,car,2020-07-31T00:00:00Z,NA
2021,BMW,BMW,M2 Competition Coupe,BMX,280,3,6,Manual(M6),18,24,20,N,TC,Turbocharged,M,Manual,6,N,N,R,"2-Wheel Drive, Rear",GP,Gasoline (Premium Unleaded Recommended),Subcompact Cars,car,2020-08-01T00:00:00Z,NA
2021,BMW,BMW,M240i Convertible,BMX,239,3,6,Manual(M6),19,27,21,N,TC,Turbocharged,M,Manual,6,N,N,R,"2-Wheel Drive, Rear",GP,Gasoline (Premium Unleaded Recommended),Subcompact Cars,car,2020-08-01T00:00:00Z,NA
2021,BMW,BMW,M240i Coupe,BMX,236,3,6,Manual(M6),19,27,21,N,TC,Turbocharged,M,Manual,6,N,N,R,"2-Wheel Drive, Rear",GP,Gasoline (Premium Unleaded Recommended),Subcompact Cars,car,2020-08-01T00:00:00Z,NA
2021,BMW,BMW,M4 Coupe,BMX,480,3,6,Manual(M6),16,23,19,N,TC,Turbocharged,M,Manual,6,N,N,R,"2-Wheel Drive, Rear",GP,Gasoline (Premium Unleaded Recommended),Subcompact Cars,car,2020-11-01T00:00:00Z,NA
2021,General Motors,Chevrolet,CAMARO,GMX,82,2,4,Manual(M6),19,29,22,N,TC,Turbocharged,M,Manual,6,N,N,R,"2-Wheel Drive, Rear",GPR,Gasoline (Premium Unleaded Required),Subcompact Cars,car,2020-08-10T00:00:00Z,NA
2021,General Motors,Chevrolet,CAMARO,GMX,46,3.6,6,Manual(M6),16,26,20,N,"NA",Naturally Aspirated,M,Manual,6,N,N,R,"2-Wheel Drive, Rear",G,Gasoline (Regular Unleaded Recommended),Subcompact Cars,car,2020-08-10T00:00:00Z,NA
2021,General Motors,Chevrolet,CAMARO,GMX,50,6.2,8,Manual(M6),16,24,19,N,"NA",Naturally Aspirated,M,Manual,6,N,N,R,"2-Wheel Drive, Rear",GPR,Gasoline (Premium Unleaded Required),Subcompact Cars,car,2020-08-10T00:00:00Z,NA
2021,General Motors,Chevrolet,CAMARO,GMX,47,6.2,8,Manual(M6),14,20,16,Y,SC,Supercharged,M,Manual,6,N,N,R,"2-Wheel Drive, Rear",GPR,Gasoline (Premium Unleaded Required),Subcompact Cars,car,2020-08-10T00:00:00Z,NA
2021,General Motors,Chevrolet,SPARK,GMX,51,1.4,4,Manual(M5),29,38,33,N,"NA",Naturally Aspirated,M,Manual,5,N,N,F,"2-Wheel Drive, Front",G,Gasoline (Regular Unleaded Recommended),Subcompact Cars,car,2020-06-01T00:00:00Z,NA
2021,General Motors,Chevrolet,SPARK ACTIV,GMX,52,1.4,4,Manual(M5),29,37,32,N,"NA",Naturally Aspirated,M,Manual,5,N,N,F,"2-Wheel Drive, Front",G,Gasoline (Regular Unleaded Recommended),Subcompact Cars,car,2020-06-01T00:00:00Z,NA
2021,Ford Motor Company,Ford,MUSTANG,FMX,291,2.3,4,Auto(A10),21,32,25,N,TC,Turbocharged,A,Automatic,10,Y,N,R,"2-Wheel Drive, Rear",G,Gasoline (Regular Unleaded Recommended),Subcompact Cars,car,2021-01-19T00:00:00Z,NA
2021,Ford Motor Company,Ford,MUSTANG,FMX,79,2.3,4,Manual(M6),21,29,24,N,TC,Turbocharged,M,Manual,6,N,N,R,"2-Wheel Drive, Rear",G,Gasoline (Regular Unleaded Recommended),Subcompact Cars,car,2021-01-19T00:00:00Z,NA
2021,Ford Motor Company,Ford,MUSTANG,FMX,88,5,8,Manual(M6),15,24,18,N,"NA",Naturally Aspirated,M,Manual,6,N,N,R,"2-Wheel Drive, Rear",G,Gasoline (Regular Unleaded Recommended),Subcompact Cars,car,2021-01-19T00:00:00Z,NA
2021,Ford Motor Company,Ford,MUSTANG CONVERTIBLE,FMX,292,2.3,4,Auto(A10),20,28,23,N,TC,Turbocharged,A,Automatic,10,Y,N,R,"2-Wheel Drive, Rear",G,Gasoline (Regular Unleaded Recommended),Subcompact Cars,car,2021-01-19T00:00:00Z,NA
2021,Ford Motor Company,Ford,MUSTANG CONVERTIBLE,FMX,84,2.3,4,Manual(M6),20,27,23,N,TC,Turbocharged,M,Manual,6,N,N,R,"2-Wheel Drive, Rear",G,Gasoline (Regular Unleaded Recommended),Subcompact Cars,car,2021-01-19T00:00:00Z,NA
2021,Ford Motor Company,Ford,MUSTANG HO CONVERTIBLE,FMX,83,2.3,4,Manual(M6),19,25,21,N,TC,Turbocharged,M,Manual,6,N,N,R,"2-Wheel Drive, Rear",G,Gasoline (Regular Unleaded Recommended),Subcompact Cars,car,2021-01-19T00:00:00Z,NA
2021,Ford Motor Company,Ford,MUSTANG HO COUPE,FMX,80,2.3,4,Manual(M6),20,27,22,N,TC,Turbocharged,M,Manual,6,N,N,R,"2-Wheel Drive, Rear",G,Gasoline (Regular Unleaded Recommended),Subcompact Cars,car,2021-01-19T00:00:00Z,NA
2021,Ford Motor Company,Ford,MUSTANG MACH 1,FMX,286,5,8,Manual(M6),14,22,17,Y,"NA",Naturally Aspirated,M,Manual,6,N,N,R,"2-Wheel Drive, Rear",G,Gasoline (Regular Unleaded Recommended),Subcompact Cars,car,2021-01-19T00:00:00Z,NA
2021,Mercedes-Benz,Mercedes-Benz,AMG C 43 4MATIC (convertible),MBX,314,3,6,Auto(A9),19,27,22,N,TC,Turbocharged,A,Automatic,9,Y,N,4,4-Wheel Drive,GPR,Gasoline (Premium Unleaded Required),Subcompact Cars,car,2020-11-22T00:00:00Z,NA
2021,Mercedes-Benz,Mercedes-Benz,AMG C 43 4MATIC (coupe),MBX,313,3,6,Auto(A9),19,27,22,N,TC,Turbocharged,A,Automatic,9,Y,N,4,4-Wheel Drive,GPR,Gasoline (Premium Unleaded Required),Subcompact Cars,car,2020-11-22T00:00:00Z,NA
2021,Mercedes-Benz,Mercedes-Benz,AMG C 63 (convertible),MBX,115,4,8,Auto(A9),17,25,20,N,TC,Turbocharged,A,Automatic,9,Y,N,R,"2-Wheel Drive, Rear",GPR,Gasoline (Premium Unleaded Required),Subcompact Cars,car,2020-12-01T00:00:00Z,NA
2021,Mercedes-Benz,Mercedes-Benz,AMG C 63 (coupe),MBX,117,4,8,Auto(A9),17,26,20,N,TC,Turbocharged,A,Automatic,9,Y,N,R,"2-Wheel Drive, Rear",GPR,Gasoline (Premium Unleaded Required),Subcompact Cars,car,2020-12-01T00:00:00Z,NA
2021,Mercedes-Benz,Mercedes-Benz,AMG C 63 S (convertible),MBX,114,4,8,Auto(A9),17,25,20,N,TC,Turbocharged,A,Automatic,9,Y,N,R,"2-Wheel Drive, Rear",GPR,Gasoline (Premium Unleaded Required),Subcompact Cars,car,2020-11-22T00:00:00Z,NA
2021,Mercedes-Benz,Mercedes-Benz,AMG C 63 S (coupe),MBX,116,4,8,Auto(A9),17,26,20,N,TC,Turbocharged,A,Automatic,9,Y,N,R,"2-Wheel Drive, Rear",GPR,Gasoline (Premium Unleaded Required),Subcompact Cars,car,2020-11-22T00:00:00Z,NA
2021,Mercedes-Benz,Mercedes-Benz,AMG E53 4MATIC+ (Convertible),MBX,141,3,6,Auto(A9),21,27,23,N,OT,Other,A,Automatic,9,Y,N,4,4-Wheel Drive,GPR,Gasoline (Premium Unleaded Required),Subcompact Cars,car,2020-10-09T00:00:00Z,N
2021,Mercedes-Benz,Mercedes-Benz,AMG E53 4MATIC+ (Coupe),MBX,133,3,6,Auto(A9),21,28,24,N,OT,Other,A,Automatic,9,Y,N,4,4-Wheel Drive,GPR,Gasoline (Premium Unleaded Required),Subcompact Cars,car,2020-10-09T00:00:00Z,N
2021,Mercedes-Benz,Mercedes-Benz,AMG S 63 4MATIC+ (convertible),MBX,325,4,8,Auto(A9),14,24,17,N,TC,Turbocharged,A,Automatic,9,Y,N,4,4-Wheel Drive,GPR,Gasoline (Premium Unleaded Required),Subcompact Cars,car,2020-11-20T00:00:00Z,NA
2021,Mercedes-Benz,Mercedes-Benz,C 300 (convertible),MBX,128,2,4,Auto(A9),23,31,26,N,TC,Turbocharged,A,Automatic,9,Y,N,R,"2-Wheel Drive, Rear",GPR,Gasoline (Premium Unleaded Required),Subcompact Cars,car,2020-10-16T00:00:00Z,NA
2021,Mercedes-Benz,Mercedes-Benz,C 300 (Coupe),MBX,118,2,4,Auto(A9),24,33,27,N,TC,Turbocharged,A,Automatic,9,Y,N,R,"2-Wheel Drive, Rear",GPR,Gasoline (Premium Unleaded Required),Subcompact Cars,car,2020-10-16T00:00:00Z,NA
2021,Mercedes-Benz,Mercedes-Benz,C 300 4MATIC (convertible),MBX,127,2,4,Auto(A9),22,30,25,N,TC,Turbocharged,A,Automatic,9,Y,N,4,4-Wheel Drive,GPR,Gasoline (Premium Unleaded Required),Subcompact Cars,car,2020-10-16T00:00:00Z,NA
2021,Mercedes-Benz,Mercedes-Benz,C 300 4MATIC (Coupe),MBX,119,2,4,Auto(A9),23,32,26,N,TC,Turbocharged,A,Automatic,9,Y,N,4,4-Wheel Drive,GPR,Gasoline (Premium Unleaded Required),Subcompact Cars,car,2020-10-16T00:00:00Z,NA
2021,Mercedes-Benz,Mercedes-Benz,E 450 (convertible),MBX,143,3,6,Auto(A9),23,30,25,N,TC,Turbocharged,A,Automatic,9,Y,N,R,"2-Wheel Drive, Rear",GPR,Gasoline (Premium Unleaded Required),Subcompact Cars,car,2020-10-09T00:00:00Z,N
2021,Mercedes-Benz,Mercedes-Benz,E 450 (coupe),MBX,134,3,6,Auto(A9),23,31,26,N,TC,Turbocharged,A,Automatic,9,Y,N,R,"2-Wheel Drive, Rear",GPR,Gasoline (Premium Unleaded Required),Subcompact Cars,car,2020-10-09T00:00:00Z,N
2021,Mercedes-Benz,Mercedes-Benz,E 450 4MATIC (convertible),MBX,144,3,6,Auto(A9),23,29,25,N,TC,Turbocharged,A,Automatic,9,Y,N,4,4-Wheel Drive,GPR,Gasoline (Premium Unleaded Required),Subcompact Cars,car,2020-10-09T00:00:00Z,N
2021,Mercedes-Benz,Mercedes-Benz,E 450 4MATIC (coupe),MBX,135,3,6,Auto(A9),23,30,25,N,TC,Turbocharged,A,Automatic,9,Y,N,4,4-Wheel Drive,GPR,Gasoline (Premium Unleaded Required),Subcompact Cars,car,2020-10-09T00:00:00Z,N
2021,Mercedes-Benz,Mercedes-Benz,S 560 (convertible),MBX,324,4,8,Auto(A9),16,26,20,N,TC,Turbocharged,A,Automatic,9,Y,N,R,"2-Wheel Drive, Rear",GPR,Gasoline (Premium Unleaded Required),Subcompact Cars,car,2020-11-20T00:00:00Z,NA
2021,BMW,Mini,COOPER HARDTOP 2 DOOR,BMX,33,1.5,3,Manual(M6),26,37,30,N,TC,Turbocharged,M,Manual,6,N,N,F,"2-Wheel Drive, Front",GP,Gasoline (Premium Unleaded Recommended),Subcompact Cars,car,2020-03-31T00:00:00Z,NA
2021,BMW,Mini,COOPER HARDTOP 4 DOOR,BMX,35,1.5,3,Manual(M6),26,37,30,N,TC,Turbocharged,M,Manual,6,N,N,F,"2-Wheel Drive, Front",GP,Gasoline (Premium Unleaded Recommended),Subcompact Cars,car,2020-03-31T00:00:00Z,NA
2021,BMW,Mini,COOPER S HARDTOP 2 DOOR,BMX,55,2,4,Manual(M6),23,33,27,N,TC,Turbocharged,M,Manual,6,N,N,F,"2-Wheel Drive, Front",GP,Gasoline (Premium Unleaded Recommended),Subcompact Cars,car,2020-03-31T00:00:00Z,NA
2021,BMW,Mini,COOPER S HARDTOP 4 DOOR,BMX,57,2,4,Manual(M6),23,33,27,N,TC,Turbocharged,M,Manual,6,N,N,F,"2-Wheel Drive, Front",GP,Gasoline (Premium Unleaded Recommended),Subcompact Cars,car,2020-03-31T00:00:00Z,NA
2021,BMW,Mini,JOHN COOPER WORKS HARDTOP,BMX,85,2,4,Manual(M6),23,33,27,N,TC,Turbocharged,M,Manual,6,N,N,F,"2-Wheel Drive, Front",GP,Gasoline (Premium Unleaded Recommended),Subcompact Cars,car,2020-03-31T00:00:00Z,NA
2021,BMW,BMW,M3,BMX,380,3,6,Manual(M6),16,23,19,N,TC,Turbocharged,M,Manual,6,N,N,R,"2-Wheel Drive, Rear",GP,Gasoline (Premium Unleaded Recommended),Compact Cars,car,2020-11-01T00:00:00Z,NA
2021,Hyundai,GENESIS,G70 RWD,HYX,3,2,4,Manual(M6),18,28,22,N,TC,Turbocharged,M,Manual,6,N,N,R,"2-Wheel Drive, Rear",GP,Gasoline (Premium Unleaded Recommended),Compact Cars,car,2020-03-01T00:00:00Z,NA
2021,Hyundai,HYUNDAI MOTOR COMPANY,Accent,HYX,21,1.6,4,Manual(M6),29,39,33,N,"NA",Naturally Aspirated,M,Manual,6,N,N,F,"2-Wheel Drive, Front",G,Gasoline (Regular Unleaded Recommended),Compact Cars,car,2020-06-01T00:00:00Z,NA
2021,Hyundai,HYUNDAI MOTOR COMPANY,Veloster,HYX,9,1.6,4,Manual(M6),26,33,29,N,TC,Turbocharged,M,Manual,6,N,N,F,"2-Wheel Drive, Front",G,Gasoline (Regular Unleaded Recommended),Compact Cars,car,2020-04-01T00:00:00Z,NA
2021,Hyundai,HYUNDAI MOTOR COMPANY,Veloster,HYX,7,2,4,Manual(M6),25,33,28,N,"NA",Naturally Aspirated,M,Manual,6,N,N,F,"2-Wheel Drive, Front",G,Gasoline (Regular Unleaded Recommended),Compact Cars,car,2020-04-01T00:00:00Z,NA
2021,Hyundai,HYUNDAI MOTOR COMPANY,Veloster N,HYX,44,2,4,Manual(M6),22,28,25,N,TC,Turbocharged,M,Manual,6,N,N,F,"2-Wheel Drive, Front",GP,Gasoline (Premium Unleaded Recommended),Compact Cars,car,2020-08-15T00:00:00Z,NA
2021,MAZDA,MAZDA,MAZDA2,TKX,201,1.5,4,Manual(M6),30,39,34,N,"NA",Naturally Aspirated,M,Manual,6,N,N,F,"2-Wheel Drive, Front",G,Gasoline (Regular Unleaded Recommended),Compact Cars,car,2020-09-08T00:00:00Z,NA
2021,Mercedes-Benz,Mercedes-Benz,AMG C 43 4MATIC,MBX,312,3,6,Auto(A9),18,27,21,N,TC,Turbocharged,A,Automatic,9,Y,N,4,4-Wheel Drive,GPR,Gasoline (Premium Unleaded Required),Compact Cars,car,2020-11-22T00:00:00Z,NA
2021,Mercedes-Benz,Mercedes-Benz,AMG C 63,MBX,108,4,8,Auto(A9),17,26,21,N,TC,Turbocharged,A,Automatic,9,Y,N,R,"2-Wheel Drive, Rear",GPR,Gasoline (Premium Unleaded Required),Compact Cars,car,2020-12-01T00:00:00Z,NA
2021,Mercedes-Benz,Mercedes-Benz,AMG C 63 S,MBX,110,4,8,Auto(A9),17,26,21,N,TC,Turbocharged,A,Automatic,9,Y,N,R,"2-Wheel Drive, Rear",GPR,Gasoline (Premium Unleaded Required),Compact Cars,car,2020-11-22T00:00:00Z,NA
2021,Mercedes-Benz,Mercedes-Benz,AMG CLS53 4MATIC+,MBX,320,3,6,Auto(A9),21,26,23,N,OT,Other,A,Automatic,9,Y,N,4,4-Wheel Drive,GPR,Gasoline (Premium Unleaded Required),Compact Cars,car,2020-10-09T00:00:00Z,N
2021,Mercedes-Benz,Mercedes-Benz,AMG GT 43 4MATIC+,MBX,430,3,6,Auto(A9),20,25,22,N,OT,Other,A,Automatic,9,Y,N,4,4-Wheel Drive,GPR,Gasoline (Premium Unleaded Required),Compact Cars,car,2020-10-09T00:00:00Z,N
2021,Mercedes-Benz,Mercedes-Benz,AMG GT 53 4MATIC+,MBX,550,3,6,Auto(A9),20,25,22,N,OT,Other,A,Automatic,9,Y,N,4,4-Wheel Drive,GPR,Gasoline (Premium Unleaded Required),Compact Cars,car,2020-10-09T00:00:00Z,N
2021,Mercedes-Benz,Mercedes-Benz,AMG GT 63 4MATIC+,MBX,530,4,8,Auto(A9),16,21,18,N,TC,Turbocharged,A,Automatic,9,Y,N,4,4-Wheel Drive,GPR,Gasoline (Premium Unleaded Required),Compact Cars,car,2020-12-01T00:00:00Z,NA
2021,Mercedes-Benz,Mercedes-Benz,AMG GT 63 S 4MATIC+,MBX,531,4,8,Auto(A9),16,21,18,N,TC,Turbocharged,A,Automatic,9,Y,N,4,4-Wheel Drive,GPR,Gasoline (Premium Unleaded Required),Compact Cars,car,2020-11-20T00:00:00Z,NA
2021,Mercedes-Benz,Mercedes-Benz,AMG S 63 4MATIC+ (coupe),MBX,215,4,8,Auto(A9),16,26,19,N,TC,Turbocharged,A,Automatic,9,Y,N,4,4-Wheel Drive,GPR,Gasoline (Premium Unleaded Required),Compact Cars,car,2020-11-20T00:00:00Z,NA
2021,Mercedes-Benz,Mercedes-Benz,C 300,MBX,113,2,4,Auto(A9),23,35,27,N,TC,Turbocharged,A,Automatic,9,Y,N,R,"2-Wheel Drive, Rear",GPR,Gasoline (Premium Unleaded Required),Compact Cars,car,2020-11-09T00:00:00Z,NA
2021,Mercedes-Benz,Mercedes-Benz,C 300 4MATIC,MBX,106,2,4,Auto(A9),23,33,27,N,TC,Turbocharged,A,Automatic,9,Y,N,4,4-Wheel Drive,GPR,Gasoline (Premium Unleaded Required),Compact Cars,car,2020-10-16T00:00:00Z,NA
2021,Mercedes-Benz,Mercedes-Benz,CLS 450,MBX,350,3,6,Auto(A9),23,30,26,N,TC,Turbocharged,A,Automatic,9,Y,N,R,"2-Wheel Drive, Rear",GPR,Gasoline (Premium Unleaded Required),Compact Cars,car,2020-10-02T00:00:00Z,N
2021,Mercedes-Benz,Mercedes-Benz,CLS 450 4MATIC,MBX,351,3,6,Auto(A9),22,29,25,N,TC,Turbocharged,A,Automatic,9,Y,N,4,4-Wheel Drive,GPR,Gasoline (Premium Unleaded Required),Compact Cars,car,2020-10-02T00:00:00Z,N
2021,Mercedes-Benz,Mercedes-Benz,S 560 4MATIC (coupe),MBX,213,4,8,Auto(A9),16,26,20,N,TC,Turbocharged,A,Automatic,9,Y,N,4,4-Wheel Drive,GPR,Gasoline (Premium Unleaded Required),Compact Cars,car,2020-11-20T00:00:00Z,NA
2021,Mitsubishi Motors Co,Mitsubishi Motors Corporation,MIRAGE,MTX,101,1.2,3,Manual(M5),33,41,36,N,"NA",Naturally Aspirated,M,Manual,5,N,N,F,"2-Wheel Drive, Front",G,Gasoline (Regular Unleaded Recommended),Compact Cars,car,2020-12-01T00:00:00Z,NA
2021,Mitsubishi Motors Co,Mitsubishi Motors Corporation,MIRAGE G4,MTX,103,1.2,3,Manual(M5),33,40,35,N,"NA",Naturally Aspirated,M,Manual,5,N,N,F,"2-Wheel Drive, Front",G,Gasoline (Regular Unleaded Recommended),Compact Cars,car,2020-12-01T00:00:00Z,NA
2021,Nissan,NISSAN,VERSA,NSX,102,1.6,4,Manual(M5),27,35,30,N,"NA",Naturally Aspirated,M,Manual,5,N,N,F,"2-Wheel Drive, Front",G,Gasoline (Regular Unleaded Recommended),Compact Cars,car,2020-11-06T00:00:00Z,NA
2021,Subaru,Subaru,WRX,FJX,24,2,4,Manual(M6),20,27,23,N,TC,Turbocharged,M,Manual,6,N,N,A,All Wheel Drive,GP,Gasoline (Premium Unleaded Recommended),Compact Cars,car,2020-12-01T00:00:00Z,NA
2021,Subaru,Subaru,WRX,FJX,26,2.5,4,Manual(M6),16,22,18,N,TC,Turbocharged,M,Manual,6,N,N,A,All Wheel Drive,GPR,Gasoline (Premium Unleaded Required),Compact Cars,car,2020-12-01T00:00:00Z,NA
2021,Toyota,TOYOTA,COROLLA,TYX,3,1.8,4,Manual(M6),29,39,33,N,"NA",Naturally Aspirated,M,Manual,6,N,N,F,"2-Wheel Drive, Front",G,Gasoline (Regular Unleaded Recommended),Compact Cars,car,2020-04-21T00:00:00Z,NA
2021,Toyota,TOYOTA,COROLLA,TYX,10,2,4,Manual(M6),29,36,32,N,"NA",Naturally Aspirated,M,Manual,6,N,N,F,"2-Wheel Drive, Front",G,Gasoline (Regular Unleaded Recommended),Compact Cars,car,2020-04-21T00:00:00Z,NA
2021,Toyota,TOYOTA,COROLLA APEX,TYX,27,2,4,Manual(M6),28,36,31,N,"NA",Naturally Aspirated,M,Manual,6,N,N,F,"2-Wheel Drive, Front",G,Gasoline (Regular Unleaded Recommended),Compact Cars,car,2020-10-05T00:00:00Z,NA
2021,Toyota,TOYOTA,COROLLA HATCHBACK MANUAL,TYX,23,2,4,Manual(M6),28,37,31,N,"NA",Naturally Aspirated,M,Manual,6,N,N,F,"2-Wheel Drive, Front",G,Gasoline (Regular Unleaded Recommended),Compact Cars,car,2020-06-21T00:00:00Z,NA
2021,Volkswagen Group of,Volkswagen,Golf,VGA,66,1.4,4,Manual(M6),29,39,33,N,TC,Turbocharged,M,Manual,6,N,N,F,"2-Wheel Drive, Front",G,Gasoline (Regular Unleaded Recommended),Compact Cars,car,2020-10-01T00:00:00Z,N
2021,Volkswagen Group of,Volkswagen,GTI,VGA,60,2,4,Manual(M6),23,30,26,N,TC,Turbocharged,M,Manual,6,N,N,F,"2-Wheel Drive, Front",G,Gasoline (Regular Unleaded Recommended),Compact Cars,car,2020-10-01T00:00:00Z,N
2021,Volkswagen Group of,Volkswagen,Jetta,VGA,64,1.4,4,Manual(M6),30,41,34,N,TC,Turbocharged,M,Manual,6,N,N,F,"2-Wheel Drive, Front",G,Gasoline (Regular Unleaded Recommended),Compact Cars,car,2020-10-01T00:00:00Z,N
2021,Volkswagen Group of,Volkswagen,Jetta GLI,VGA,62,2,4,Manual(M6),24,33,28,N,TC,Turbocharged,M,Manual,6,N,N,F,"2-Wheel Drive, Front",G,Gasoline (Regular Unleaded Recommended),Compact Cars,car,2020-10-01T00:00:00Z,N
2021,FCA US LLC,ALFA ROMEO,Giulia,CRX,403,2,4,Auto(A8),24,33,27,N,TC,Turbocharged,A,Automatic,8,Y,N,R,"2-Wheel Drive, Rear",GP,Gasoline (Premium Unleaded Recommended),Midsize Cars,car,2020-10-16T00:00:00Z,NA
2021,FCA US LLC,ALFA ROMEO,Giulia,CRX,404,2.9,6,Auto(A8),17,25,20,N,TC,Turbocharged,A,Automatic,8,Y,N,R,"2-Wheel Drive, Rear",GP,Gasoline (Premium Unleaded Recommended),Midsize Cars,car,2020-11-22T00:00:00Z,NA
2021,FCA US LLC,ALFA ROMEO,Giulia AWD,CRX,405,2,4,Auto(A8),23,31,26,N,TC,Turbocharged,A,Automatic,8,Y,N,A,All Wheel Drive,GP,Gasoline (Premium Unleaded Recommended),Midsize Cars,car,2020-10-16T00:00:00Z,NA
2021,General Motors,Chevrolet,MALIBU,GMX,59,2,4,Auto(A9),22,33,26,N,TC,Turbocharged,A,Automatic,9,Y,N,F,"2-Wheel Drive, Front",G,Gasoline (Regular Unleaded Recommended),Midsize Cars,car,2020-08-17T00:00:00Z,NA
2021,FCA US LLC,Dodge,Challenger,CRX,16,3.6,6,Auto(A8),19,30,23,N,"NA",Naturally Aspirated,A,Automatic,8,Y,N,R,"2-Wheel Drive, Rear",G,Gasoline (Regular Unleaded Recommended),Midsize Cars,car,2020-11-02T00:00:00Z,NA
2021,FCA US LLC,Dodge,Challenger,CRX,17,5.7,8,Auto(A8),16,25,19,N,"NA",Naturally Aspirated,A,Automatic,8,Y,N,R,"2-Wheel Drive, Rear",GM,Gasoline (Mid Grade Unleaded Recommended),Midsize Cars,car,2020-11-02T00:00:00Z,NA
2021,FCA US LLC,Dodge,Challenger,CRX,18,5.7,8,Manual(M6),15,23,18,N,"NA",Naturally Aspirated,M,Manual,6,N,N,R,"2-Wheel Drive, Rear",GP,Gasoline (Premium Unleaded Recommended),Midsize Cars,car,2020-11-02T00:00:00Z,NA
2021,FCA US LLC,Dodge,Challenger,CRX,19,6.4,8,Auto(A8),15,24,18,N,"NA",Naturally Aspirated,A,Automatic,8,Y,N,R,"2-Wheel Drive, Rear",GP,Gasoline (Premium Unleaded Recommended),Midsize Cars,car,2020-11-02T00:00:00Z,NA
2021,FCA US LLC,Dodge,Challenger,CRX,20,6.4,8,Manual(M6),14,23,17,Y,"NA",Naturally Aspirated,M,Manual,6,N,N,R,"2-Wheel Drive, Rear",GP,Gasoline (Premium Unleaded Recommended),Midsize Cars,car,2020-11-02T00:00:00Z,NA
2021,FCA US LLC,Dodge,Challenger AWD,CRX,25,3.6,6,Auto(A8),18,27,21,N,"NA",Naturally Aspirated,A,Automatic,8,Y,N,A,All Wheel Drive,G,Gasoline (Regular Unleaded Recommended),Midsize Cars,car,2020-11-02T00:00:00Z,NA
2021,FCA US LLC,Dodge,Challenger SRT,CRX,21,6.2,8,Auto(A8),13,22,16,Y,SC,Supercharged,A,Automatic,8,Y,N,R,"2-Wheel Drive, Rear",GP,Gasoline (Premium Unleaded Recommended),Midsize Cars,car,2020-11-02T00:00:00Z,NA
2021,FCA US LLC,Dodge,Challenger SRT,CRX,22,6.2,8,Manual(M6),13,21,16,Y,SC,Supercharged,M,Manual,6,N,N,R,"2-Wheel Drive, Rear",GP,Gasoline (Premium Unleaded Recommended),Midsize Cars,car,2020-11-02T00:00:00Z,NA
2021,FCA US LLC,Dodge,Challenger SRT Widebody,CRX,26,6.2,8,Auto(A8),13,21,15,Y,SC,Supercharged,A,Automatic,8,Y,N,R,"2-Wheel Drive, Rear",GP,Gasoline (Premium Unleaded Recommended),Midsize Cars,car,2020-11-02T00:00:00Z,NA
2021,FCA US LLC,Dodge,Challenger SRT Widebody,CRX,27,6.2,8,Manual(M6),13,21,16,Y,SC,Supercharged,M,Manual,6,N,N,R,"2-Wheel Drive, Rear",GP,Gasoline (Premium Unleaded Recommended),Midsize Cars,car,2020-11-02T00:00:00Z,NA
2021,FCA US LLC,Dodge,Challenger Widebody,CRX,23,6.4,8,Auto(A8),15,24,18,N,"NA",Naturally Aspirated,A,Automatic,8,Y,N,R,"2-Wheel Drive, Rear",GP,Gasoline (Premium Unleaded Recommended),Midsize Cars,car,2020-11-02T00:00:00Z,NA
2021,FCA US LLC,Dodge,Challenger Widebody,CRX,24,6.4,8,Manual(M6),14,23,17,Y,"NA",Naturally Aspirated,M,Manual,6,N,N,R,"2-Wheel Drive, Rear",GP,Gasoline (Premium Unleaded Recommended),Midsize Cars,car,2020-11-02T00:00:00Z,NA
2021,Hyundai,HYUNDAI MOTOR COMPANY,Elantra,HYX,52,1.6,4,Manual(M6),25,34,28,N,TC,Turbocharged,M,Manual,6,N,N,F,"2-Wheel Drive, Front",G,Gasoline (Regular Unleaded Recommended),Midsize Cars,car,2020-11-01T00:00:00Z,NA
2021,Kia,KIA MOTORS CORPORATION,Forte,KMX,25,1.6,4,Manual(M6),25,32,28,N,TC,Turbocharged,M,Manual,6,N,N,F,"2-Wheel Drive, Front",G,Gasoline (Regular Unleaded Recommended),Midsize Cars,car,2020-07-01T00:00:00Z,NA
2021,Kia,KIA MOTORS CORPORATION,Forte,KMX,28,2,4,Manual(M6),27,37,31,N,"NA",Naturally Aspirated,M,Manual,6,N,N,F,"2-Wheel Drive, Front",G,Gasoline (Regular Unleaded Recommended),Midsize Cars,car,2020-07-01T00:00:00Z,NA
2021,Maserati,MASERATI,GHIBLI,MAX,36,3,6,Auto(A8),17,25,20,N,TC,Turbocharged,A,Automatic,8,Y,N,R,"2-Wheel Drive, Rear",GPR,Gasoline (Premium Unleaded Required),Midsize Cars,car,2020-09-18T00:00:00Z,N
2021,Maserati,MASERATI,GHIBLI S,MAX,38,3,6,Auto(A8),17,25,20,N,TC,Turbocharged,A,Automatic,8,Y,N,R,"2-Wheel Drive, Rear",GPR,Gasoline (Premium Unleaded Required),Midsize Cars,car,2020-09-18T00:00:00Z,N
2021,Maserati,MASERATI,GHIBLI S Q4,MAX,35,3,6,Auto(A8),16,24,19,N,TC,Turbocharged,A,Automatic,8,Y,N,A,All Wheel Drive,GPR,Gasoline (Premium Unleaded Required),Midsize Cars,car,2020-09-18T00:00:00Z,N
2021,Maserati,MASERATI,GHIBLI TROFEO,MAX,32,3.8,8,Auto(A8),13,20,16,Y,TC,Turbocharged,A,Automatic,8,Y,N,R,"2-Wheel Drive, Rear",GPR,Gasoline (Premium Unleaded Required),Midsize Cars,car,2020-09-18T00:00:00Z,N
2021,MAZDA,MAZDA,MAZDA3 5-Door 2WD,TKX,312,2.5,4,Manual(M6),24,33,27,N,"NA",Naturally Aspirated,M,Manual,6,N,N,F,"2-Wheel Drive, Front",G,Gasoline (Regular Unleaded Recommended),Midsize Cars,car,2020-09-01T00:00:00Z,NA
2021,Mercedes-Benz,Mercedes-Benz,AMG E 63 S 4MATIC+,MBX,360,4,8,Auto(A9),16,23,18,N,TC,Turbocharged,A,Automatic,9,Y,N,4,4-Wheel Drive,GPR,Gasoline (Premium Unleaded Required),Midsize Cars,car,2020-11-22T00:00:00Z,NA
2021,Mercedes-Benz,Mercedes-Benz,AMG E53 4MATIC+,MBX,317,3,6,Auto(A9),22,29,25,N,OT,Other,A,Automatic,9,Y,N,4,4-Wheel Drive,GPR,Gasoline (Premium Unleaded Required),Midsize Cars,car,2020-10-09T00:00:00Z,N
2021,Mercedes-Benz,Mercedes-Benz,E 350,MBX,301,2,4,Auto(A9),22,31,25,N,TC,Turbocharged,A,Automatic,9,Y,N,R,"2-Wheel Drive, Rear",GPR,Gasoline (Premium Unleaded Required),Midsize Cars,car,2020-09-03T00:00:00Z,NA
2021,Mercedes-Benz,Mercedes-Benz,E 350 4MATIC,MBX,306,2,4,Auto(A9),22,30,25,N,TC,Turbocharged,A,Automatic,9,Y,N,4,4-Wheel Drive,GPR,Gasoline (Premium Unleaded Required),Midsize Cars,car,2020-09-03T00:00:00Z,NA
2021,Mercedes-Benz,Mercedes-Benz,E 450 4MATIC,MBX,302,3,6,Auto(A9),23,30,26,N,TC,Turbocharged,A,Automatic,9,Y,N,4,4-Wheel Drive,GPR,Gasoline (Premium Unleaded Required),Midsize Cars,car,2020-09-18T00:00:00Z,N
2021,BMW,Mini,COOPER S CLUBMAN,BMX,51,2,4,Manual(M6),22,32,26,N,TC,Turbocharged,M,Manual,6,N,N,F,"2-Wheel Drive, Front",GP,Gasoline (Premium Unleaded Recommended),Midsize Cars,car,2020-07-31T00:00:00Z,NA
2021,Subaru,Subaru,IMPREZA 4-Door,FJX,3,2,4,Manual(M5),23,31,26,N,"NA",Naturally Aspirated,M,Manual,5,N,N,A,All Wheel Drive,G,Gasoline (Regular Unleaded Recommended),Midsize Cars,car,2020-06-15T00:00:00Z,NA
2021,FCA US LLC,Chrysler,300,CRX,13,3.6,6,Auto(A8),19,30,23,N,"NA",Naturally Aspirated,A,Automatic,8,Y,N,R,"2-Wheel Drive, Rear",G,Gasoline (Regular Unleaded Recommended),Large Cars,car,2020-11-02T00:00:00Z,NA
2021,FCA US LLC,Chrysler,300,CRX,14,5.7,8,Auto(A8),16,25,19,N,"NA",Naturally Aspirated,A,Automatic,8,Y,N,R,"2-Wheel Drive, Rear",GM,Gasoline (Mid Grade Unleaded Recommended),Large Cars,car,2020-11-02T00:00:00Z,NA
2021,FCA US LLC,Chrysler,300 AWD,CRX,15,3.6,6,Auto(A8),18,27,21,N,"NA",Naturally Aspirated,A,Automatic,8,Y,N,A,All Wheel Drive,G,Gasoline (Regular Unleaded Recommended),Large Cars,car,2020-11-02T00:00:00Z,NA
2021,FCA US LLC,Dodge,Charger,CRX,6,3.6,6,Auto(A8),19,30,23,N,"NA",Naturally Aspirated,A,Automatic,8,Y,N,R,"2-Wheel Drive, Rear",G,Gasoline (Regular Unleaded Recommended),Large Cars,car,2020-11-02T00:00:00Z,NA
2021,FCA US LLC,Dodge,Charger,CRX,7,5.7,8,Auto(A8),16,25,19,N,"NA",Naturally Aspirated,A,Automatic,8,Y,N,R,"2-Wheel Drive, Rear",GM,Gasoline (Mid Grade Unleaded Recommended),Large Cars,car,2020-11-02T00:00:00Z,NA
2021,FCA US LLC,Dodge,Charger,CRX,8,6.4,8,Auto(A8),15,24,18,N,"NA",Naturally Aspirated,A,Automatic,8,Y,N,R,"2-Wheel Drive, Rear",GP,Gasoline (Premium Unleaded Recommended),Large Cars,car,2020-11-02T00:00:00Z,NA
2021,FCA US LLC,Dodge,Charger AWD,CRX,9,3.6,6,Auto(A8),18,27,21,N,"NA",Naturally Aspirated,A,Automatic,8,Y,N,A,All Wheel Drive,G,Gasoline (Regular Unleaded Recommended),Large Cars,car,2020-11-02T00:00:00Z,NA
2021,FCA US LLC,Dodge,Charger SRT Widebody,CRX,10,6.2,8,Auto(A8),12,21,15,Y,SC,Supercharged,A,Automatic,8,Y,N,R,"2-Wheel Drive, Rear",GP,Gasoline (Premium Unleaded Recommended),Large Cars,car,2020-11-02T00:00:00Z,NA
2021,FCA US LLC,Dodge,Charger Widebody,CRX,11,6.4,8,Auto(A8),15,24,18,N,"NA",Naturally Aspirated,A,Automatic,8,Y,N,R,"2-Wheel Drive, Rear",GP,Gasoline (Premium Unleaded Recommended),Large Cars,car,2020-11-02T00:00:00Z,NA
2021,Honda,Honda,CIVIC 5DR,HNX,10,1.5,4,Manual(M6),29,37,32,N,TC,Turbocharged,M,Manual,6,N,N,F,"2-Wheel Drive, Front",GP,Gasoline (Premium Unleaded Recommended),Large Cars,car,2020-09-02T00:00:00Z,N
2021,Honda,Honda,CIVIC 5DR,HNX,13,2,4,Manual(M6),22,28,25,N,TC,Turbocharged,M,Manual,6,N,N,F,"2-Wheel Drive, Front",GP,Gasoline (Premium Unleaded Recommended),Large Cars,car,2020-09-02T00:00:00Z,N
2021,Maserati,MASERATI,QUATTROPORTE S,MAX,37,3,6,Auto(A8),16,24,19,N,TC,Turbocharged,A,Automatic,8,Y,N,R,"2-Wheel Drive, Rear",GPR,Gasoline (Premium Unleaded Required),Large Cars,car,2020-09-18T00:00:00Z,N
2021,Maserati,MASERATI,QUATTROPORTE S Q4,MAX,33,3,6,Auto(A8),16,24,19,N,TC,Turbocharged,A,Automatic,8,Y,N,A,All Wheel Drive,GPR,Gasoline (Premium Unleaded Required),Large Cars,car,2020-09-18T00:00:00Z,N
2021,Maserati,MASERATI,QUATTROPORTE TROFEO,MAX,31,3.8,8,Auto(A8),13,20,16,Y,TC,Turbocharged,A,Automatic,8,Y,N,R,"2-Wheel Drive, Rear",GPR,Gasoline (Premium Unleaded Required),Large Cars,car,2020-09-18T00:00:00Z,N
2021,Kia,KIA MOTORS CORPORATION,Soul,KMX,6,2,4,Manual(M6),25,31,27,N,"NA",Naturally Aspirated,M,Manual,6,N,N,F,"2-Wheel Drive, Front",G,Gasoline (Regular Unleaded Recommended),Small Station Wagons,car,2020-03-02T00:00:00Z,NA
2021,Subaru,Subaru,IMPREZA 5-Door,FJX,4,2,4,Manual(M5),24,31,26,N,"NA",Naturally Aspirated,M,Manual,5,N,N,A,All Wheel Drive,G,Gasoline (Regular Unleaded Recommended),Small Station Wagons,car,2020-06-15T00:00:00Z,NA
2021,Subaru,Subaru,IMPREZA 5-Door SPORT,FJX,27,2,4,Manual(M5),22,30,25,N,"NA",Naturally Aspirated,M,Manual,5,N,N,A,All Wheel Drive,G,Gasoline (Regular Unleaded Recommended),Small Station Wagons,car,2020-06-15T00:00:00Z,NA
2021,Mercedes-Benz,Mercedes-Benz,AMG E 63 S 4MATIC+ (SW),MBX,361,4,8,Auto(A9),16,23,18,N,TC,Turbocharged,A,Automatic,9,Y,N,4,4-Wheel Drive,GPR,Gasoline (Premium Unleaded Required),Midsize Station Wagons,car,2020-11-22T00:00:00Z,NA
2021,Mercedes-Benz,Mercedes-Benz,E 450 4MATIC All-Terrain (wagon),MBX,303,3,6,Auto(A9),22,28,24,N,TC,Turbocharged,A,Automatic,9,Y,N,4,4-Wheel Drive,GPR,Gasoline (Premium Unleaded Required),Midsize Station Wagons,car,2020-09-15T00:00:00Z,N
2021,General Motors,Chevrolet,COLORADO 2WD,GMX,608,2.5,4,Auto(A6),19,25,22,N,"NA",Naturally Aspirated,A,Automatic,6,Y,N,R,"2-Wheel Drive, Rear",G,Gasoline (Regular Unleaded Recommended),Small Pick-up Trucks 2WD,NA,2020-03-27T00:00:00Z,NA
2021,General Motors,Chevrolet,COLORADO 2WD,GMX,523,2.8,4,Auto(A6),20,30,23,N,TC,Turbocharged,A,Automatic,6,Y,N,R,"2-Wheel Drive, Rear",DU,"Diesel, ultra low sulfur (15 ppm, maximum)",Small Pick-up Trucks 2WD,NA,2020-07-06T00:00:00Z,NA
2021,General Motors,Chevrolet,COLORADO 2WD,GMX,613,3.6,6,Auto(A8),18,25,21,N,"NA",Naturally Aspirated,A,Automatic,8,Y,N,R,"2-Wheel Drive, Rear",G,Gasoline (Regular Unleaded Recommended),Small Pick-up Trucks 2WD,NA,2020-03-30T00:00:00Z,NA
2021,General Motors,GMC,CANYON 2WD,GMX,609,2.5,4,Auto(A6),19,25,22,N,"NA",Naturally Aspirated,A,Automatic,6,Y,N,R,"2-Wheel Drive, Rear",G,Gasoline (Regular Unleaded Recommended),Small Pick-up Trucks 2WD,NA,2020-03-27T00:00:00Z,NA
2021,General Motors,GMC,CANYON 2WD,GMX,524,2.8,4,Auto(A6),20,30,23,N,TC,Turbocharged,A,Automatic,6,Y,N,R,"2-Wheel Drive, Rear",DU,"Diesel, ultra low sulfur (15 ppm, maximum)",Small Pick-up Trucks 2WD,NA,2020-07-06T00:00:00Z,NA
2021,General Motors,GMC,CANYON 2WD,GMX,614,3.6,6,Auto(A8),18,25,21,N,"NA",Naturally Aspirated,A,Automatic,8,Y,N,R,"2-Wheel Drive, Rear",G,Gasoline (Regular Unleaded Recommended),Small Pick-up Trucks 2WD,NA,2020-03-30T00:00:00Z,NA
2021,General Motors,Chevrolet,COLORADO 4WD,GMX,537,2.5,4,Auto(A6),19,24,21,N,"NA",Naturally Aspirated,A,Automatic,6,Y,N,4,4-Wheel Drive,G,Gasoline (Regular Unleaded Recommended),Small Pick-up Trucks 4WD,NA,2020-03-27T00:00:00Z,NA
2021,General Motors,Chevrolet,COLORADO 4WD,GMX,666,2.8,4,Auto(A6),19,28,22,N,TC,Turbocharged,A,Automatic,6,Y,N,4,4-Wheel Drive,DU,"Diesel, ultra low sulfur (15 ppm, maximum)",Small Pick-up Trucks 4WD,NA,2020-07-06T00:00:00Z,NA
2021,General Motors,Chevrolet,COLORADO 4WD,GMX,610,3.6,6,Auto(A8),17,24,19,N,"NA",Naturally Aspirated,A,Automatic,8,Y,N,4,4-Wheel Drive,G,Gasoline (Regular Unleaded Recommended),Small Pick-up Trucks 4WD,NA,2020-03-30T00:00:00Z,NA
2021,General Motors,Chevrolet,COLORADO ZR2 4WD,GMX,674,2.8,4,Auto(A6),18,22,19,N,TC,Turbocharged,A,Automatic,6,Y,N,4,4-Wheel Drive,DU,"Diesel, ultra low sulfur (15 ppm, maximum)",Small Pick-up Trucks 4WD,NA,2020-06-15T00:00:00Z,NA
2021,General Motors,Chevrolet,COLORADO ZR2 4WD,GMX,611,3.6,6,Auto(A8),16,18,17,N,"NA",Naturally Aspirated,A,Automatic,8,Y,N,4,4-Wheel Drive,G,Gasoline (Regular Unleaded Recommended),Small Pick-up Trucks 4WD,NA,2020-03-30T00:00:00Z,NA
2021,General Motors,GMC,CANYON 4WD,GMX,538,2.5,4,Auto(A6),19,24,21,N,"NA",Naturally Aspirated,A,Automatic,6,Y,N,4,4-Wheel Drive,G,Gasoline (Regular Unleaded Recommended),Small Pick-up Trucks 4WD,NA,2020-03-27T00:00:00Z,NA
2021,General Motors,GMC,CANYON 4WD,GMX,667,2.8,4,Auto(A6),19,28,22,N,TC,Turbocharged,A,Automatic,6,Y,N,4,4-Wheel Drive,DU,"Diesel, ultra low sulfur (15 ppm, maximum)",Small Pick-up Trucks 4WD,NA,2020-07-06T00:00:00Z,NA
2021,General Motors,GMC,CANYON 4WD,GMX,612,3.6,6,Auto(A8),17,24,19,N,"NA",Naturally Aspirated,A,Automatic,8,Y,N,4,4-Wheel Drive,G,Gasoline (Regular Unleaded Recommended),Small Pick-up Trucks 4WD,NA,2020-03-30T00:00:00Z,NA
2021,Toyota,TOYOTA,TACOMA 4WD,TYX,60,3.5,6,Manual(M6),17,21,18,N,"NA",Naturally Aspirated,M,Manual,6,N,N,P,Part-time 4-Wheel Drive,G,Gasoline (Regular Unleaded Recommended),Small Pick-up Trucks 4WD,NA,2020-09-08T00:00:00Z,NA
2021,Toyota,TOYOTA,TACOMA 4WD D-CAB MT TRD-ORP/PRO,TYX,61,3.5,6,Manual(M6),17,20,18,N,"NA",Naturally Aspirated,M,Manual,6,N,N,P,Part-time 4-Wheel Drive,G,Gasoline (Regular Unleaded Recommended),Small Pick-up Trucks 4WD,NA,2020-09-08T00:00:00Z,NA
2021,General Motors,Chevrolet,SILVERADO 2WD,GMX,778,2.7,4,Auto(A8),20,23,21,N,TC,Turbocharged,A,Automatic,8,Y,N,R,"2-Wheel Drive, Rear",G,Gasoline (Regular Unleaded Recommended),Standard Pick-up Trucks 2WD,NA,2020-09-18T00:00:00Z,NA
2021,General Motors,Chevrolet,SILVERADO 2WD,GMX,949,2.7,4,Auto(A8),20,23,21,N,TC,Turbocharged,A,Automatic,8,Y,N,R,"2-Wheel Drive, Rear",G,Gasoline (Regular Unleaded Recommended),Standard Pick-up Trucks 2WD,NA,2020-09-18T00:00:00Z,NA
2021,General Motors,Chevrolet,SILVERADO 2WD,GMX,708,3,6,Auto(A10),23,33,27,N,TC,Turbocharged,A,Automatic,10,Y,N,R,"2-Wheel Drive, Rear",DU,"Diesel, ultra low sulfur (15 ppm, maximum)",Standard Pick-up Trucks 2WD,NA,2020-09-02T00:00:00Z,NA
2021,General Motors,Chevrolet,SILVERADO 2WD,GMX,100,4.3,6,Auto(A6),16,21,17,N,"NA",Naturally Aspirated,A,Automatic,6,Y,N,R,"2-Wheel Drive, Rear",G,Gasoline (Regular Unleaded Recommended),Standard Pick-up Trucks 2WD,NA,2020-09-04T00:00:00Z,NA
2021,General Motors,Chevrolet,SILVERADO 2WD,GMX,642,5.3,8,Auto(A6),14,21,16,N,"NA",Naturally Aspirated,A,Automatic,6,Y,N,R,"2-Wheel Drive, Rear",G,Gasoline (Regular Unleaded Recommended),Standard Pick-up Trucks 2WD,NA,2021-03-11T00:00:00Z,NA
2021,General Motors,Chevrolet,SILVERADO 2WD,GMX,699,5.3,8,Auto(A6),15,19,16,N,"NA",Naturally Aspirated,A,Automatic,6,Y,N,R,"2-Wheel Drive, Rear",G,Gasoline (Regular Unleaded Recommended),Standard Pick-up Trucks 2WD,NA,2020-09-03T00:00:00Z,NA
2021,General Motors,Chevrolet,SILVERADO 2WD,GMX,695,5.3,8,Auto(A6),15,21,17,N,"NA",Naturally Aspirated,A,Automatic,6,Y,N,R,"2-Wheel Drive, Rear",G,Gasoline (Regular Unleaded Recommended),Standard Pick-up Trucks 2WD,NA,2020-09-03T00:00:00Z,NA
2021,General Motors,Chevrolet,SILVERADO 2WD,GMX,602,5.3,8,Auto(A8),15,22,17,N,"NA",Naturally Aspirated,A,Automatic,8,Y,N,R,"2-Wheel Drive, Rear",G,Gasoline (Regular Unleaded Recommended),Standard Pick-up Trucks 2WD,NA,2021-03-19T00:00:00Z,NA
2021,General Motors,Chevrolet,SILVERADO 2WD,GMX,706,5.3,8,Auto(A8),17,23,19,N,"NA",Naturally Aspirated,A,Automatic,8,Y,N,R,"2-Wheel Drive, Rear",G,Gasoline (Regular Unleaded Recommended),Standard Pick-up Trucks 2WD,NA,2020-09-02T00:00:00Z,NA
2021,General Motors,GMC,SIERRA 2WD,GMX,998,2.7,4,Auto(A8),20,23,21,N,TC,Turbocharged,A,Automatic,8,Y,N,R,"2-Wheel Drive, Rear",G,Gasoline (Regular Unleaded Recommended),Standard Pick-up Trucks 2WD,NA,2020-09-18T00:00:00Z,NA
2021,General Motors,GMC,SIERRA 2WD,GMX,773,2.7,4,Auto(A8),20,23,21,N,TC,Turbocharged,A,Automatic,8,Y,N,R,"2-Wheel Drive, Rear",G,Gasoline (Regular Unleaded Recommended),Standard Pick-up Trucks 2WD,NA,2020-09-18T00:00:00Z,NA
2021,General Motors,GMC,SIERRA 2WD,GMX,709,3,6,Auto(A10),23,30,26,N,TC,Turbocharged,A,Automatic,10,Y,N,R,"2-Wheel Drive, Rear",DU,"Diesel, ultra low sulfur (15 ppm, maximum)",Standard Pick-up Trucks 2WD,NA,2020-09-02T00:00:00Z,NA
2021,General Motors,GMC,SIERRA 2WD,GMX,102,4.3,6,Auto(A6),16,21,17,N,"NA",Naturally Aspirated,A,Automatic,6,Y,N,R,"2-Wheel Drive, Rear",G,Gasoline (Regular Unleaded Recommended),Standard Pick-up Trucks 2WD,NA,2020-09-04T00:00:00Z,NA
2021,General Motors,GMC,SIERRA 2WD,GMX,643,5.3,8,Auto(A6),14,21,16,N,"NA",Naturally Aspirated,A,Automatic,6,Y,N,R,"2-Wheel Drive, Rear",G,Gasoline (Regular Unleaded Recommended),Standard Pick-up Trucks 2WD,NA,2021-03-11T00:00:00Z,NA
2021,General Motors,GMC,SIERRA 2WD,GMX,700,5.3,8,Auto(A6),15,19,16,N,"NA",Naturally Aspirated,A,Automatic,6,Y,N,R,"2-Wheel Drive, Rear",G,Gasoline (Regular Unleaded Recommended),Standard Pick-up Trucks 2WD,NA,2020-09-03T00:00:00Z,NA
2021,General Motors,GMC,SIERRA 2WD,GMX,697,5.3,8,Auto(A6),15,21,17,N,"NA",Naturally Aspirated,A,Automatic,6,Y,N,R,"2-Wheel Drive, Rear",G,Gasoline (Regular Unleaded Recommended),Standard Pick-up Trucks 2WD,NA,2020-09-03T00:00:00Z,NA
2021,General Motors,GMC,SIERRA 2WD,GMX,603,5.3,8,Auto(A8),15,22,17,N,"NA",Naturally Aspirated,A,Automatic,8,Y,N,R,"2-Wheel Drive, Rear",G,Gasoline (Regular Unleaded Recommended),Standard Pick-up Trucks 2WD,NA,2021-03-31T00:00:00Z,NA
2021,General Motors,GMC,SIERRA 2WD,GMX,707,5.3,8,Auto(A8),17,23,19,N,"NA",Naturally Aspirated,A,Automatic,8,Y,N,R,"2-Wheel Drive, Rear",G,Gasoline (Regular Unleaded Recommended),Standard Pick-up Trucks 2WD,NA,2020-09-02T00:00:00Z,NA
2021,FCA US LLC,RAM,1500 4X2,CRX,520,3,6,Auto(A8),22,32,26,N,TC,Turbocharged,A,Automatic,8,Y,N,R,"2-Wheel Drive, Rear",DU,"Diesel, ultra low sulfur (15 ppm, maximum)",Standard Pick-up Trucks 2WD,NA,2020-08-24T00:00:00Z,NA
2021,FCA US LLC,RAM,1500 4X2,CRX,519,3.6,6,Auto(A8),20,25,22,N,"NA",Naturally Aspirated,A,Automatic,8,Y,N,R,"2-Wheel Drive, Rear",G,Gasoline (Regular Unleaded Recommended),Standard Pick-up Trucks 2WD,NA,2020-08-24T00:00:00Z,N
2021,FCA US LLC,RAM,1500 4X2,CRX,521,5.7,8,Auto(A8),17,23,19,N,"NA",Naturally Aspirated,A,Automatic,8,Y,N,R,"2-Wheel Drive, Rear",GM,Gasoline (Mid Grade Unleaded Recommended),Standard Pick-up Trucks 2WD,NA,2020-08-24T00:00:00Z,N
2021,FCA US LLC,RAM,1500 4X2,CRX,522,5.7,8,Auto(A8),15,22,17,N,"NA",Naturally Aspirated,A,Automatic,8,Y,N,R,"2-Wheel Drive, Rear",GM,Gasoline (Mid Grade Unleaded Recommended),Standard Pick-up Trucks 2WD,NA,2020-08-24T00:00:00Z,NA
2021,FCA US LLC,RAM,1500 Classic 4X2,CRX,568,3.6,6,Auto(A8),17,25,20,N,"NA",Naturally Aspirated,A,Automatic,8,Y,N,R,"2-Wheel Drive, Rear",G,Gasoline (Regular Unleaded Recommended),Standard Pick-up Trucks 2WD,NA,2020-11-09T00:00:00Z,NA
2021,FCA US LLC,RAM,1500 Classic 4X2,CRX,569,5.7,8,Auto(A8),15,22,17,N,"NA",Naturally Aspirated,A,Automatic,8,Y,N,R,"2-Wheel Drive, Rear",GM,Gasoline (Mid Grade Unleaded Recommended),Standard Pick-up Trucks 2WD,NA,2020-11-09T00:00:00Z,NA
2021,FCA US LLC,RAM,1500 HFE 4X2,CRX,510,3,6,Auto(A8),23,33,26,N,TC,Turbocharged,A,Automatic,8,Y,N,R,"2-Wheel Drive, Rear",DU,"Diesel, ultra low sulfur (15 ppm, maximum)",Standard Pick-up Trucks 2WD,NA,2021-02-09T00:00:00Z,NA
2021,FCA US LLC,RAM,1500 HFE 4X2,CRX,509,3.6,6,Auto(A8),20,26,23,N,"NA",Naturally Aspirated,A,Automatic,8,Y,N,R,"2-Wheel Drive, Rear",G,Gasoline (Regular Unleaded Recommended),Standard Pick-up Trucks 2WD,NA,2020-10-28T00:00:00Z,N
2021,General Motors,Chevrolet,SILVERADO 4WD,GMX,999,2.7,4,Auto(A8),19,22,20,N,TC,Turbocharged,A,Automatic,8,Y,N,4,4-Wheel Drive,G,Gasoline (Regular Unleaded Recommended),Standard Pick-up Trucks 4WD,NA,2020-09-18T00:00:00Z,NA
2021,General Motors,Chevrolet,SILVERADO 4WD,GMX,774,2.7,4,Auto(A8),19,22,20,N,TC,Turbocharged,A,Automatic,8,Y,N,4,4-Wheel Drive,G,Gasoline (Regular Unleaded Recommended),Standard Pick-up Trucks 4WD,NA,2020-09-18T00:00:00Z,NA
2021,General Motors,Chevrolet,SILVERADO 4WD,GMX,710,3,6,Auto(A10),22,26,24,N,TC,Turbocharged,A,Automatic,10,Y,N,4,4-Wheel Drive,DU,"Diesel, ultra low sulfur (15 ppm, maximum)",Standard Pick-up Trucks 4WD,NA,2020-09-02T00:00:00Z,NA
2021,General Motors,Chevrolet,SILVERADO 4WD,GMX,985,4.3,6,Auto(A6),15,20,17,N,"NA",Naturally Aspirated,A,Automatic,6,Y,N,4,4-Wheel Drive,G,Gasoline (Regular Unleaded Recommended),Standard Pick-up Trucks 4WD,NA,2020-09-04T00:00:00Z,NA
2021,General Motors,Chevrolet,SILVERADO 4WD,GMX,723,5.3,8,Auto(A10),16,22,19,N,"NA",Naturally Aspirated,A,Automatic,10,Y,N,4,4-Wheel Drive,G,Gasoline (Regular Unleaded Recommended),Standard Pick-up Trucks 4WD,NA,2020-09-02T00:00:00Z,NA
2021,General Motors,Chevrolet,SILVERADO 4WD,GMX,631,5.3,8,Auto(A6),14,20,16,N,"NA",Naturally Aspirated,A,Automatic,6,Y,N,4,4-Wheel Drive,G,Gasoline (Regular Unleaded Recommended),Standard Pick-up Trucks 4WD,NA,2021-03-11T00:00:00Z,NA
2021,General Motors,Chevrolet,SILVERADO 4WD,GMX,689,5.3,8,Auto(A6),15,20,17,N,"NA",Naturally Aspirated,A,Automatic,6,Y,N,4,4-Wheel Drive,G,Gasoline (Regular Unleaded Recommended),Standard Pick-up Trucks 4WD,NA,2020-09-03T00:00:00Z,NA
2021,General Motors,Chevrolet,SILVERADO 4WD,GMX,701,5.3,8,Auto(A6),14,18,16,N,"NA",Naturally Aspirated,A,Automatic,6,Y,N,4,4-Wheel Drive,G,Gasoline (Regular Unleaded Recommended),Standard Pick-up Trucks 4WD,NA,2020-09-03T00:00:00Z,NA
2021,General Motors,Chevrolet,SILVERADO 4WD,GMX,604,5.3,8,Auto(A8),14,21,16,N,"NA",Naturally Aspirated,A,Automatic,8,Y,N,4,4-Wheel Drive,G,Gasoline (Regular Unleaded Recommended),Standard Pick-up Trucks 4WD,NA,2021-03-31T00:00:00Z,NA
2021,General Motors,Chevrolet,SILVERADO 4WD,GMX,703,5.3,8,Auto(A8),16,22,18,N,"NA",Naturally Aspirated,A,Automatic,8,Y,N,4,4-Wheel Drive,G,Gasoline (Regular Unleaded Recommended),Standard Pick-up Trucks 4WD,NA,2020-09-02T00:00:00Z,NA
2021,General Motors,Chevrolet,SILVERADO 4WD,GMX,680,6.2,8,Auto(A10),16,21,18,N,"NA",Naturally Aspirated,A,Automatic,10,Y,N,4,4-Wheel Drive,GPR,Gasoline (Premium Unleaded Required),Standard Pick-up Trucks 4WD,NA,2020-09-02T00:00:00Z,NA
2021,General Motors,Chevrolet,SILVERADO 4WD TRAILBOSS,GMX,941,4.3,6,Auto(A6),14,18,16,N,"NA",Naturally Aspirated,A,Automatic,6,Y,N,4,4-Wheel Drive,G,Gasoline (Regular Unleaded Recommended),Standard Pick-up Trucks 4WD,NA,2020-09-04T00:00:00Z,NA
2021,General Motors,Chevrolet,SILVERADO 4WD TRAILBOSS,GMX,724,5.3,8,Auto(A10),16,21,18,N,"NA",Naturally Aspirated,A,Automatic,10,Y,N,4,4-Wheel Drive,G,Gasoline (Regular Unleaded Recommended),Standard Pick-up Trucks 4WD,NA,2020-09-02T00:00:00Z,NA
2021,General Motors,Chevrolet,SILVERADO 4WD TRAILBOSS,GMX,630,5.3,8,Auto(A6),13,18,15,N,"NA",Naturally Aspirated,A,Automatic,6,Y,N,4,4-Wheel Drive,G,Gasoline (Regular Unleaded Recommended),Standard Pick-up Trucks 4WD,NA,2021-03-11T00:00:00Z,NA
2021,General Motors,Chevrolet,SILVERADO 4WD TRAILBOSS,GMX,691,5.3,8,Auto(A6),14,18,16,N,"NA",Naturally Aspirated,A,Automatic,6,Y,N,4,4-Wheel Drive,G,Gasoline (Regular Unleaded Recommended),Standard Pick-up Trucks 4WD,NA,2020-09-03T00:00:00Z,NA
2021,General Motors,Chevrolet,SILVERADO 4WD TRAILBOSS,GMX,681,6.2,8,Auto(A10),15,19,17,N,"NA",Naturally Aspirated,A,Automatic,10,Y,N,4,4-Wheel Drive,GPR,Gasoline (Premium Unleaded Required),Standard Pick-up Trucks 4WD,NA,2020-09-18T00:00:00Z,NA
2021,General Motors,Chevrolet,SILVERADO 4WD TRAILBOSS,GMX,924,6.2,8,Auto(A10),15,19,17,N,"NA",Naturally Aspirated,A,Automatic,10,Y,N,4,4-Wheel Drive,GPR,Gasoline (Premium Unleaded Required),Standard Pick-up Trucks 4WD,NA,2020-09-02T00:00:00Z,NA
2021,General Motors,GMC,SIERRA 4WD,GMX,911,2.7,4,Auto(A8),18,20,19,N,TC,Turbocharged,A,Automatic,8,Y,N,4,4-Wheel Drive,G,Gasoline (Regular Unleaded Recommended),Standard Pick-up Trucks 4WD,NA,2020-09-02T00:00:00Z,NA
2021,General Motors,GMC,SIERRA 4WD,GMX,976,2.7,4,Auto(A8),18,21,19,N,TC,Turbocharged,A,Automatic,8,Y,N,4,4-Wheel Drive,G,Gasoline (Regular Unleaded Recommended),Standard Pick-up Trucks 4WD,NA,2020-09-18T00:00:00Z,NA
2021,General Motors,GMC,SIERRA 4WD,GMX,711,3,6,Auto(A10),22,26,24,N,TC,Turbocharged,A,Automatic,10,Y,N,4,4-Wheel Drive,DU,"Diesel, ultra low sulfur (15 ppm, maximum)",Standard Pick-up Trucks 4WD,NA,2020-09-02T00:00:00Z,NA
2021,General Motors,GMC,SIERRA 4WD,GMX,994,4.3,6,Auto(A6),15,20,17,N,"NA",Naturally Aspirated,A,Automatic,6,Y,N,4,4-Wheel Drive,G,Gasoline (Regular Unleaded Recommended),Standard Pick-up Trucks 4WD,NA,2020-09-04T00:00:00Z,NA
2021,General Motors,GMC,SIERRA 4WD,GMX,727,5.3,8,Auto(A10),16,22,19,N,"NA",Naturally Aspirated,A,Automatic,10,Y,N,4,4-Wheel Drive,G,Gasoline (Regular Unleaded Recommended),Standard Pick-up Trucks 4WD,NA,2020-09-02T00:00:00Z,NA
2021,General Motors,GMC,SIERRA 4WD,GMX,632,5.3,8,Auto(A6),14,20,16,N,"NA",Naturally Aspirated,A,Automatic,6,Y,N,4,4-Wheel Drive,G,Gasoline (Regular Unleaded Recommended),Standard Pick-up Trucks 4WD,NA,2021-03-11T00:00:00Z,NA
2021,General Motors,GMC,SIERRA 4WD,GMX,702,5.3,8,Auto(A6),14,18,16,N,"NA",Naturally Aspirated,A,Automatic,6,Y,N,4,4-Wheel Drive,G,Gasoline (Regular Unleaded Recommended),Standard Pick-up Trucks 4WD,NA,2020-09-04T00:00:00Z,NA
2021,General Motors,GMC,SIERRA 4WD,GMX,692,5.3,8,Auto(A6),15,20,17,N,"NA",Naturally Aspirated,A,Automatic,6,Y,N,4,4-Wheel Drive,G,Gasoline (Regular Unleaded Recommended),Standard Pick-up Trucks 4WD,NA,2020-09-03T00:00:00Z,NA
2021,General Motors,GMC,SIERRA 4WD,GMX,605,5.3,8,Auto(A8),14,20,16,N,"NA",Naturally Aspirated,A,Automatic,8,Y,N,4,4-Wheel Drive,G,Gasoline (Regular Unleaded Recommended),Standard Pick-up Trucks 4WD,NA,2021-03-31T00:00:00Z,NA
2021,General Motors,GMC,SIERRA 4WD,GMX,784,5.3,8,Auto(A8),16,21,18,N,"NA",Naturally Aspirated,A,Automatic,8,Y,N,4,4-Wheel Drive,G,Gasoline (Regular Unleaded Recommended),Standard Pick-up Trucks 4WD,NA,2020-09-02T00:00:00Z,NA
2021,General Motors,GMC,SIERRA 4WD,GMX,682,6.2,8,Auto(A10),16,20,17,N,"NA",Naturally Aspirated,A,Automatic,10,Y,N,4,4-Wheel Drive,GPR,Gasoline (Premium Unleaded Required),Standard Pick-up Trucks 4WD,NA,2020-09-02T00:00:00Z,NA
2021,General Motors,GMC,SIERRA 4WD AT4,GMX,712,3,6,Auto(A10),22,26,24,N,TC,Turbocharged,A,Automatic,10,Y,N,4,4-Wheel Drive,DU,"Diesel, ultra low sulfur (15 ppm, maximum)",Standard Pick-up Trucks 4WD,NA,2020-09-02T00:00:00Z,NA
2021,General Motors,GMC,SIERRA 4WD AT4,GMX,728,5.3,8,Auto(A10),16,21,18,N,"NA",Naturally Aspirated,A,Automatic,10,Y,N,4,4-Wheel Drive,G,Gasoline (Regular Unleaded Recommended),Standard Pick-up Trucks 4WD,NA,2020-09-02T00:00:00Z,NA
2021,General Motors,GMC,SIERRA 4WD AT4,GMX,694,5.3,8,Auto(A6),14,18,16,N,"NA",Naturally Aspirated,A,Automatic,6,Y,N,4,4-Wheel Drive,G,Gasoline (Regular Unleaded Recommended),Standard Pick-up Trucks 4WD,NA,2020-09-22T00:00:00Z,NA
2021,General Motors,GMC,SIERRA 4WD AT4,GMX,606,5.3,8,Auto(A8),14,20,16,N,"NA",Naturally Aspirated,A,Automatic,8,Y,N,4,4-Wheel Drive,G,Gasoline (Regular Unleaded Recommended),Standard Pick-up Trucks 4WD,NA,2021-03-31T00:00:00Z,NA
2021,General Motors,GMC,SIERRA 4WD AT4,GMX,931,5.3,8,Auto(A8),16,21,18,N,"NA",Naturally Aspirated,A,Automatic,8,Y,N,4,4-Wheel Drive,G,Gasoline (Regular Unleaded Recommended),Standard Pick-up Trucks 4WD,NA,2020-09-02T00:00:00Z,NA
2021,General Motors,GMC,SIERRA 4WD AT4,GMX,683,6.2,8,Auto(A10),15,19,17,N,"NA",Naturally Aspirated,A,Automatic,10,Y,N,4,4-Wheel Drive,GPR,Gasoline (Premium Unleaded Required),Standard Pick-up Trucks 4WD,NA,2020-09-02T00:00:00Z,NA
2021,FCA US LLC,Jeep,Gladiator 4X4,CRX,503,3.6,6,Auto(A8),17,22,19,N,"NA",Naturally Aspirated,A,Automatic,8,Y,N,4,4-Wheel Drive,G,Gasoline (Regular Unleaded Recommended),Standard Pick-up Trucks 4WD,NA,2020-08-17T00:00:00Z,NA
2021,FCA US LLC,Jeep,Gladiator 4X4,CRX,504,3.6,6,Manual(M6),16,23,19,N,"NA",Naturally Aspirated,M,Manual,6,N,N,4,4-Wheel Drive,G,Gasoline (Regular Unleaded Recommended),Standard Pick-up Trucks 4WD,NA,2020-08-24T00:00:00Z,NA
2021,FCA US LLC,Jeep,Gladiator EcoDiesel 4x4,CRX,505,3,6,Auto(A8),22,28,24,N,TC,Turbocharged,A,Automatic,8,Y,N,4,4-Wheel Drive,DU,"Diesel, ultra low sulfur (15 ppm, maximum)",Standard Pick-up Trucks 4WD,NA,2020-08-24T00:00:00Z,NA
2021,FCA US LLC,Jeep,Gladiator Rubicon EcoDiesel 4x4,CRX,546,3,6,Auto(A8),21,27,24,N,TC,Turbocharged,A,Automatic,8,Y,N,4,4-Wheel Drive,DU,"Diesel, ultra low sulfur (15 ppm, maximum)",Standard Pick-up Trucks 4WD,NA,2020-08-24T00:00:00Z,NA
2021,FCA US LLC,RAM,1500 4X4,CRX,524,3,6,Auto(A8),21,29,24,N,TC,Turbocharged,A,Automatic,8,Y,N,4,4-Wheel Drive,DU,"Diesel, ultra low sulfur (15 ppm, maximum)",Standard Pick-up Trucks 4WD,NA,2020-08-24T00:00:00Z,NA
2021,FCA US LLC,RAM,1500 4X4,CRX,523,3.6,6,Auto(A8),19,24,21,N,"NA",Naturally Aspirated,A,Automatic,8,Y,N,4,4-Wheel Drive,G,Gasoline (Regular Unleaded Recommended),Standard Pick-up Trucks 4WD,NA,2020-08-24T00:00:00Z,N
2021,FCA US LLC,RAM,1500 4X4,CRX,525,5.7,8,Auto(A8),17,22,19,N,"NA",Naturally Aspirated,A,Automatic,8,Y,N,4,4-Wheel Drive,GM,Gasoline (Mid Grade Unleaded Recommended),Standard Pick-up Trucks 4WD,NA,2020-08-24T00:00:00Z,N
2021,FCA US LLC,RAM,1500 4X4,CRX,526,5.7,8,Auto(A8),15,21,17,N,"NA",Naturally Aspirated,A,Automatic,8,Y,N,4,4-Wheel Drive,GM,Gasoline (Mid Grade Unleaded Recommended),Standard Pick-up Trucks 4WD,NA,2020-08-24T00:00:00Z,NA
2021,FCA US LLC,RAM,1500 Classic 4X4,CRX,570,3.6,6,Auto(A8),16,23,19,N,"NA",Naturally Aspirated,A,Automatic,8,Y,N,4,4-Wheel Drive,G,Gasoline (Regular Unleaded Recommended),Standard Pick-up Trucks 4WD,NA,2020-11-09T00:00:00Z,NA
2021,FCA US LLC,RAM,1500 Classic 4X4,CRX,571,5.7,8,Auto(A8),15,21,17,N,"NA",Naturally Aspirated,A,Automatic,8,Y,N,4,4-Wheel Drive,GM,Gasoline (Mid Grade Unleaded Recommended),Standard Pick-up Trucks 4WD,NA,2020-11-09T00:00:00Z,NA
2021,FCA US LLC,RAM,1500 TRX 4x4,CRX,577,6.2,8,Auto(A8),10,14,12,N,SC,Supercharged,A,Automatic,8,Y,N,4,4-Wheel Drive,GP,Gasoline (Premium Unleaded Recommended),Standard Pick-up Trucks 4WD,NA,2020-10-27T00:00:00Z,NA
2021,Mercedes-Benz,Mercedes-Benz,Metris (Cargo Van),MBX,411,2,4,Auto(A9),19,23,21,N,TC,Turbocharged,A,Automatic,9,Y,N,R,"2-Wheel Drive, Rear",GPR,Gasoline (Premium Unleaded Required),Special Purpose Vehicle 2WD,??,2020-12-18T00:00:00Z,NA
2021,Mercedes-Benz,Mercedes-Benz,"Metris (Cargo Van, LWB)",MBX,412,2,4,Auto(A9),19,23,21,N,TC,Turbocharged,A,Automatic,9,Y,N,R,"2-Wheel Drive, Rear",GPR,Gasoline (Premium Unleaded Required),Special Purpose Vehicle 2WD,??,2020-12-18T00:00:00Z,NA
2021,Mercedes-Benz,Mercedes-Benz,Metris (Passenger Van),MBX,410,2,4,Auto(A9),18,22,19,N,TC,Turbocharged,A,Automatic,9,Y,N,R,"2-Wheel Drive, Rear",GPR,Gasoline (Premium Unleaded Required),Special Purpose Vehicle 2WD,??,2020-12-18T00:00:00Z,NA
2021,FCA US LLC,RAM,Promaster City,CRX,402,2.4,4,Auto(A9),21,28,24,N,"NA",Naturally Aspirated,A,Automatic,9,Y,N,F,"2-Wheel Drive, Front",G,Gasoline (Regular Unleaded Recommended),Special Purpose Vehicle 2WD,??,2020-08-31T00:00:00Z,NA
2021,General Motors,Chevrolet,SILVERADO 2WD CAB CHASSIS,GMX,876,4.3,6,Auto(A6),15,19,17,N,"NA",Naturally Aspirated,A,Automatic,6,Y,N,R,"2-Wheel Drive, Rear",G,Gasoline (Regular Unleaded Recommended),Special Purpose Vehicle cab chassis,??,2020-09-04T00:00:00Z,NA
2021,General Motors,Chevrolet,SILVERADO 2WD CAB CHASSIS,GMX,644,5.3,8,Auto(A6),13,18,14,N,"NA",Naturally Aspirated,A,Automatic,6,Y,N,R,"2-Wheel Drive, Rear",G,Gasoline (Regular Unleaded Recommended),Special Purpose Vehicle cab chassis,??,2021-03-25T00:00:00Z,NA
2021,General Motors,Chevrolet,SILVERADO 2WD CAB CHASSIS,GMX,696,5.3,8,Auto(A6),14,18,15,N,"NA",Naturally Aspirated,A,Automatic,6,Y,N,R,"2-Wheel Drive, Rear",G,Gasoline (Regular Unleaded Recommended),Special Purpose Vehicle cab chassis,??,2020-09-03T00:00:00Z,NA
2021,General Motors,Chevrolet,SILVERADO 4WD CAB CHASSIS,GMX,880,4.3,6,Auto(A6),14,16,15,N,"NA",Naturally Aspirated,A,Automatic,6,Y,N,4,4-Wheel Drive,G,Gasoline (Regular Unleaded Recommended),Special Purpose Vehicle cab chassis,??,2020-09-04T00:00:00Z,NA
2021,General Motors,Chevrolet,SILVERADO 4WD CAB CHASSIS,GMX,633,5.3,8,Auto(A6),13,17,14,N,"NA",Naturally Aspirated,A,Automatic,6,Y,N,4,4-Wheel Drive,G,Gasoline (Regular Unleaded Recommended),Special Purpose Vehicle cab chassis,??,2021-03-25T00:00:00Z,NA
2021,General Motors,Chevrolet,SILVERADO 4WD CAB CHASSIS,GMX,690,5.3,8,Auto(A6),14,17,15,N,"NA",Naturally Aspirated,A,Automatic,6,Y,N,4,4-Wheel Drive,G,Gasoline (Regular Unleaded Recommended),Special Purpose Vehicle cab chassis,??,2020-09-03T00:00:00Z,NA
2021,General Motors,GMC,SIERRA 2WD CAB CHASSIS,GMX,878,4.3,6,Auto(A6),15,19,17,N,"NA",Naturally Aspirated,A,Automatic,6,Y,N,R,"2-Wheel Drive, Rear",G,Gasoline (Regular Unleaded Recommended),Special Purpose Vehicle cab chassis,??,2020-09-22T00:00:00Z,NA
2021,General Motors,GMC,SIERRA 2WD CAB CHASSIS,GMX,645,5.3,8,Auto(A6),13,18,14,N,"NA",Naturally Aspirated,A,Automatic,6,Y,N,R,"2-Wheel Drive, Rear",G,Gasoline (Regular Unleaded Recommended),Special Purpose Vehicle cab chassis,??,2021-03-25T00:00:00Z,NA
2021,General Motors,GMC,SIERRA 2WD CAB CHASSIS,GMX,698,5.3,8,Auto(A6),14,18,15,N,"NA",Naturally Aspirated,A,Automatic,6,Y,N,R,"2-Wheel Drive, Rear",G,Gasoline (Regular Unleaded Recommended),Special Purpose Vehicle cab chassis,??,2020-09-03T00:00:00Z,NA
2021,General Motors,GMC,SIERRA 4WD CAB CHASSIS,GMX,945,4.3,6,Auto(A6),14,16,15,N,"NA",Naturally Aspirated,A,Automatic,6,Y,N,4,4-Wheel Drive,G,Gasoline (Regular Unleaded Recommended),Special Purpose Vehicle cab chassis,??,2020-09-04T00:00:00Z,NA
2021,General Motors,GMC,SIERRA 4WD CAB CHASSIS,GMX,634,5.3,8,Auto(A6),13,17,14,N,"NA",Naturally Aspirated,A,Automatic,6,Y,N,4,4-Wheel Drive,G,Gasoline (Regular Unleaded Recommended),Special Purpose Vehicle cab chassis,??,2021-03-25T00:00:00Z,NA
2021,General Motors,GMC,SIERRA 4WD CAB CHASSIS,GMX,693,5.3,8,Auto(A6),14,17,15,N,"NA",Naturally Aspirated,A,Automatic,6,Y,N,4,4-Wheel Drive,G,Gasoline (Regular Unleaded Recommended),Special Purpose Vehicle cab chassis,??,2020-09-03T00:00:00Z,NA
2021,FCA US LLC,Chrysler,Pacifica,CRX,572,3.6,6,Auto(A9),19,28,22,N,"NA",Naturally Aspirated,A,Automatic,9,Y,N,F,"2-Wheel Drive, Front",G,Gasoline (Regular Unleaded Recommended),"Special Purpose Vehicle, minivan 2WD",1,2020-10-26T00:00:00Z,NA
2021,FCA US LLC,Chrysler,Voyager,CRX,573,3.6,6,Auto(A9),19,28,22,N,"NA",Naturally Aspirated,A,Automatic,9,Y,N,F,"2-Wheel Drive, Front",G,Gasoline (Regular Unleaded Recommended),"Special Purpose Vehicle, minivan 2WD",1,2021-02-19T00:00:00Z,NA
2021,FCA US LLC,Chrysler,Pacifica AWD,CRX,506,3.6,6,Auto(A9),17,25,20,N,"NA",Naturally Aspirated,A,Automatic,9,Y,N,A,All Wheel Drive,G,Gasoline (Regular Unleaded Recommended),"Special Purpose Vehicle, minivan 4WD",1,2020-10-26T00:00:00Z,NA
2021,FCA US LLC,ALFA ROMEO,Stelvio,CRX,406,2,4,Auto(A8),22,29,25,N,TC,Turbocharged,A,Automatic,8,Y,N,R,"2-Wheel Drive, Rear",GP,Gasoline (Premium Unleaded Recommended),Small SUV 2WD,NA,2020-10-16T00:00:00Z,NA
2021,General Motors,Chevrolet,BLAZER FWD,GMX,797,2,4,Auto(A9),22,29,25,N,TC,Turbocharged,A,Automatic,9,Y,N,F,"2-Wheel Drive, Front",G,Gasoline (Regular Unleaded Recommended),Small SUV 2WD,NA,2020-08-10T00:00:00Z,NA
2021,General Motors,Chevrolet,BLAZER FWD,GMX,785,2.5,4,Auto(A9),21,27,23,N,"NA",Naturally Aspirated,A,Automatic,9,Y,N,F,"2-Wheel Drive, Front",G,Gasoline (Regular Unleaded Recommended),Small SUV 2WD,NA,2020-08-10T00:00:00Z,NA
2021,General Motors,Chevrolet,BLAZER FWD,GMX,764,3.6,6,Auto(A9),20,27,22,N,"NA",Naturally Aspirated,A,Automatic,9,Y,N,F,"2-Wheel Drive, Front",G,Gasoline (Regular Unleaded Recommended),Small SUV 2WD,NA,2020-08-12T00:00:00Z,NA
2021,General Motors,Chevrolet,EQUINOX FWD,GMX,88,1.5,4,Auto(A6),26,31,28,N,TC,Turbocharged,A,Automatic,6,Y,N,F,"2-Wheel Drive, Front",G,Gasoline (Regular Unleaded Recommended),Small SUV 2WD,NA,2020-09-15T00:00:00Z,NA
2021,Ford Motor Company,Ford,EDGE FWD,FMX,41,2,4,Auto(A8),21,29,24,N,TC,Turbocharged,A,Automatic,8,Y,N,F,"2-Wheel Drive, Front",G,Gasoline (Regular Unleaded Recommended),Small SUV 2WD,NA,2021-01-28T00:00:00Z,NA
2021,Ford Motor Company,Ford,ESCAPE FWD,FMX,113,1.5,3,Auto(A8),28,34,30,N,TC,Turbocharged,A,Automatic,8,Y,N,F,"2-Wheel Drive, Front",G,Gasoline (Regular Unleaded Recommended),Small SUV 2WD,NA,2021-01-06T00:00:00Z,NA
2021,General Motors,GMC,TERRAIN FWD,GMX,89,1.5,4,Auto(A9),25,30,27,N,TC,Turbocharged,A,Automatic,9,Y,N,F,"2-Wheel Drive, Front",G,Gasoline (Regular Unleaded Recommended),Small SUV 2WD,NA,2020-09-15T00:00:00Z,NA
2021,FCA US LLC,Jeep,Cherokee FWD,CRX,3,2,4,Auto(A9),23,31,26,N,TC,Turbocharged,A,Automatic,9,Y,N,F,"2-Wheel Drive, Front",G,Gasoline (Regular Unleaded Recommended),Small SUV 2WD,NA,2020-08-31T00:00:00Z,NA
2021,FCA US LLC,Jeep,Cherokee FWD,CRX,4,2.4,4,Auto(A9),22,31,25,N,"NA",Naturally Aspirated,A,Automatic,9,Y,N,F,"2-Wheel Drive, Front",G,Gasoline (Regular Unleaded Recommended),Small SUV 2WD,NA,2020-08-31T00:00:00Z,NA
2021,FCA US LLC,Jeep,Cherokee FWD,CRX,5,3.2,6,Auto(A9),20,29,23,N,"NA",Naturally Aspirated,A,Automatic,9,Y,N,F,"2-Wheel Drive, Front",G,Gasoline (Regular Unleaded Recommended),Small SUV 2WD,NA,2020-08-31T00:00:00Z,NA
2021,FCA US LLC,Jeep,Compass 4X2,CRX,1,2.4,4,Auto(A6),22,31,25,N,"NA",Naturally Aspirated,A,Automatic,6,Y,N,F,"2-Wheel Drive, Front",G,Gasoline (Regular Unleaded Recommended),Small SUV 2WD,NA,2020-08-03T00:00:00Z,NA
2021,FCA US LLC,Jeep,Renegade 4x2,CRX,400,1.3,4,Auto(A9),24,32,27,N,TC,Turbocharged,A,Automatic,9,Y,N,F,"2-Wheel Drive, Front",G,Gasoline (Regular Unleaded Recommended),Small SUV 2WD,NA,2020-09-07T00:00:00Z,NA
2021,FCA US LLC,Jeep,Renegade 4x2,CRX,401,2.4,4,Auto(A9),22,30,25,N,"NA",Naturally Aspirated,A,Automatic,9,Y,N,F,"2-Wheel Drive, Front",G,Gasoline (Regular Unleaded Recommended),Small SUV 2WD,NA,2020-09-07T00:00:00Z,NA
2021,Ford Motor Company,Lincoln,NAUTILUS FWD,FMX,63,2,4,Auto(A8),21,26,23,N,TC,Turbocharged,A,Automatic,8,Y,N,F,"2-Wheel Drive, Front",G,Gasoline (Regular Unleaded Recommended),Small SUV 2WD,NA,2021-01-28T00:00:00Z,NA
2021,Mercedes-Benz,Mercedes-Benz,GLC 300,MBX,111,2,4,Auto(A9),22,29,25,N,TC,Turbocharged,A,Automatic,9,Y,N,R,"2-Wheel Drive, Rear",GPR,Gasoline (Premium Unleaded Required),Small SUV 2WD,NA,2020-10-01T00:00:00Z,NA
2021,FCA US LLC,ALFA ROMEO,Stelvio AWD,CRX,552,2,4,Auto(A8),22,28,24,N,TC,Turbocharged,A,Automatic,8,Y,N,A,All Wheel Drive,GP,Gasoline (Premium Unleaded Recommended),Small SUV 4WD,NA,2020-10-16T00:00:00Z,NA
2021,FCA US LLC,ALFA ROMEO,Stelvio AWD,CRX,553,2.9,6,Auto(A8),17,23,19,N,TC,Turbocharged,A,Automatic,8,Y,N,A,All Wheel Drive,GP,Gasoline (Premium Unleaded Recommended),Small SUV 4WD,NA,2020-12-10T00:00:00Z,NA
2021,General Motors,Buick,ENCORE GX AWD,GMX,679,1.3,3,Auto(A9),26,29,28,N,TC,Turbocharged,A,Automatic,9,Y,N,A,All Wheel Drive,G,Gasoline (Regular Unleaded Recommended),Small SUV 4WD,NA,2020-06-08T00:00:00Z,NA
2021,General Motors,Chevrolet,BLAZER AWD,GMX,813,2,4,Auto(A9),22,27,24,N,TC,Turbocharged,A,Automatic,9,Y,N,A,All Wheel Drive,G,Gasoline (Regular Unleaded Recommended),Small SUV 4WD,NA,2020-08-10T00:00:00Z,NA
2021,General Motors,Chevrolet,BLAZER AWD,GMX,766,3.6,6,Auto(A9),19,26,21,N,"NA",Naturally Aspirated,A,Automatic,9,Y,N,A,All Wheel Drive,G,Gasoline (Regular Unleaded Recommended),Small SUV 4WD,NA,2020-08-12T00:00:00Z,NA
2021,General Motors,Chevrolet,EQUINOX AWD,GMX,846,1.5,4,Auto(A6),25,30,27,N,TC,Turbocharged,A,Automatic,6,Y,N,A,All Wheel Drive,G,Gasoline (Regular Unleaded Recommended),Small SUV 4WD,NA,2020-09-15T00:00:00Z,NA
2021,General Motors,Chevrolet,TRAILBLAZER AWD,GMX,578,1.3,3,Auto(A9),26,30,28,N,TC,Turbocharged,A,Automatic,9,Y,N,A,All Wheel Drive,G,Gasoline (Regular Unleaded Recommended),Small SUV 4WD,NA,2020-03-05T00:00:00Z,NA
2021,FCA US LLC,FIAT,500X AWD,CRX,540,1.3,4,Auto(A9),24,30,26,N,TC,Turbocharged,A,Automatic,9,Y,N,A,All Wheel Drive,G,Gasoline (Regular Unleaded Recommended),Small SUV 4WD,NA,2020-10-12T00:00:00Z,NA
2021,Ford Motor Company,Ford,BRONCO SPORT 4WD,FMX,193,1.5,3,Auto(A8),25,28,26,N,TC,Turbocharged,A,Automatic,8,Y,N,A,All Wheel Drive,G,Gasoline (Regular Unleaded Recommended),Small SUV 4WD,NA,2020-11-23T00:00:00Z,NA
2021,Ford Motor Company,Ford,EDGE AWD,FMX,44,2,4,Auto(A8),21,28,23,N,TC,Turbocharged,A,Automatic,8,Y,N,A,All Wheel Drive,G,Gasoline (Regular Unleaded Recommended),Small SUV 4WD,NA,2021-01-28T00:00:00Z,NA
2021,Ford Motor Company,Ford,ESCAPE AWD,FMX,116,1.5,3,Auto(A8),26,31,28,N,TC,Turbocharged,A,Automatic,8,Y,N,A,All Wheel Drive,G,Gasoline (Regular Unleaded Recommended),Small SUV 4WD,NA,2021-01-06T00:00:00Z,NA
2021,Ford Motor Company,Ford,ESCAPE AWD,FMX,166,2,4,Auto(A8),23,31,26,N,TC,Turbocharged,A,Automatic,8,Y,N,A,All Wheel Drive,G,Gasoline (Regular Unleaded Recommended),Small SUV 4WD,NA,2021-01-06T00:00:00Z,NA
2021,General Motors,GMC,TERRAIN AWD,GMX,847,1.5,4,Auto(A9),25,28,26,N,TC,Turbocharged,A,Automatic,9,Y,N,A,All Wheel Drive,G,Gasoline (Regular Unleaded Recommended),Small SUV 4WD,NA,2020-09-15T00:00:00Z,NA
2021,FCA US LLC,Jeep,Cherokee 4X4,CRX,533,2,4,Auto(A9),21,29,24,N,TC,Turbocharged,A,Automatic,9,Y,N,A,All Wheel Drive,G,Gasoline (Regular Unleaded Recommended),Small SUV 4WD,NA,2020-08-31T00:00:00Z,NA
2021,FCA US LLC,Jeep,Cherokee 4X4,CRX,534,2.4,4,Auto(A9),21,29,24,N,"NA",Naturally Aspirated,A,Automatic,9,Y,N,A,All Wheel Drive,G,Gasoline (Regular Unleaded Recommended),Small SUV 4WD,NA,2020-08-31T00:00:00Z,NA
2021,FCA US LLC,Jeep,Cherokee 4X4,CRX,535,3.2,6,Auto(A9),19,27,22,N,"NA",Naturally Aspirated,A,Automatic,9,Y,N,A,All Wheel Drive,G,Gasoline (Regular Unleaded Recommended),Small SUV 4WD,NA,2020-08-31T00:00:00Z,NA
2021,FCA US LLC,Jeep,Cherokee 4x4 Active Drive II,CRX,536,2,4,Auto(A9),20,27,23,N,TC,Turbocharged,A,Automatic,9,Y,N,A,All Wheel Drive,G,Gasoline (Regular Unleaded Recommended),Small SUV 4WD,NA,2020-08-31T00:00:00Z,NA
2021,FCA US LLC,Jeep,Cherokee 4x4 Active Drive II,CRX,537,3.2,6,Auto(A9),18,26,21,N,"NA",Naturally Aspirated,A,Automatic,9,Y,N,A,All Wheel Drive,G,Gasoline (Regular Unleaded Recommended),Small SUV 4WD,NA,2020-08-31T00:00:00Z,NA
2021,FCA US LLC,Jeep,Cherokee Trailhawk 4X4,CRX,549,3.2,6,Auto(A9),18,24,21,N,"NA",Naturally Aspirated,A,Automatic,9,Y,N,A,All Wheel Drive,G,Gasoline (Regular Unleaded Recommended),Small SUV 4WD,NA,2020-08-31T00:00:00Z,NA
2021,FCA US LLC,Jeep,Compass 4X4,CRX,507,2.4,4,Auto(A9),22,30,25,N,"NA",Naturally Aspirated,A,Automatic,9,Y,N,A,All Wheel Drive,G,Gasoline (Regular Unleaded Recommended),Small SUV 4WD,NA,2020-08-03T00:00:00Z,NA
2021,FCA US LLC,Jeep,Renegade 4x4,CRX,511,1.3,4,Auto(A9),23,29,26,N,TC,Turbocharged,A,Automatic,9,Y,N,A,All Wheel Drive,G,Gasoline (Regular Unleaded Recommended),Small SUV 4WD,NA,2020-10-19T00:00:00Z,NA
2021,FCA US LLC,Jeep,Renegade 4x4,CRX,512,2.4,4,Auto(A9),21,29,24,N,"NA",Naturally Aspirated,A,Automatic,9,Y,N,A,All Wheel Drive,G,Gasoline (Regular Unleaded Recommended),Small SUV 4WD,NA,2020-09-07T00:00:00Z,NA
2021,FCA US LLC,Jeep,Renegade Trailhawk 4x4,CRX,513,1.3,4,Auto(A9),22,27,24,N,TC,Turbocharged,A,Automatic,9,Y,N,A,All Wheel Drive,G,Gasoline (Regular Unleaded Recommended),Small SUV 4WD,NA,2020-09-14T00:00:00Z,NA
2021,FCA US LLC,Jeep,Wrangler 2dr 4X4,CRX,515,2,4,Auto(A8),22,24,23,N,TC,Turbocharged,A,Automatic,8,Y,N,4,4-Wheel Drive,G,Gasoline (Regular Unleaded Recommended),Small SUV 4WD,NA,2020-08-10T00:00:00Z,NA
2021,FCA US LLC,Jeep,Wrangler 2dr 4X4,CRX,514,3.6,6,Auto(A8),20,24,21,N,"NA",Naturally Aspirated,A,Automatic,8,Y,N,4,4-Wheel Drive,G,Gasoline (Regular Unleaded Recommended),Small SUV 4WD,NA,2020-08-10T00:00:00Z,N
2021,FCA US LLC,Jeep,Wrangler 2dr 4X4,CRX,550,3.6,6,Manual(M6),17,25,20,N,"NA",Naturally Aspirated,M,Manual,6,N,N,4,4-Wheel Drive,G,Gasoline (Regular Unleaded Recommended),Small SUV 4WD,NA,2020-08-10T00:00:00Z,NA
2021,FCA US LLC,Jeep,Wrangler 4dr 4X4,CRX,531,2,4,Auto(A8),21,24,22,N,TC,Turbocharged,A,Automatic,8,Y,N,4,4-Wheel Drive,G,Gasoline (Regular Unleaded Recommended),Small SUV 4WD,NA,2020-08-10T00:00:00Z,NA
2021,FCA US LLC,Jeep,Wrangler 4dr 4X4,CRX,530,3.6,6,Auto(A8),19,24,21,N,"NA",Naturally Aspirated,A,Automatic,8,Y,N,4,4-Wheel Drive,G,Gasoline (Regular Unleaded Recommended),Small SUV 4WD,NA,2020-08-10T00:00:00Z,N
2021,FCA US LLC,Jeep,Wrangler 4dr 4X4,CRX,551,3.6,6,Manual(M6),17,23,19,N,"NA",Naturally Aspirated,M,Manual,6,N,N,4,4-Wheel Drive,G,Gasoline (Regular Unleaded Recommended),Small SUV 4WD,NA,2020-08-10T00:00:00Z,NA
2021,FCA US LLC,Jeep,Wrangler 4dr 4X4,CRX,579,6.4,8,Auto(A8),13,17,14,N,"NA",Naturally Aspirated,A,Automatic,8,Y,N,4,4-Wheel Drive,GP,Gasoline (Premium Unleaded Recommended),Small SUV 4WD,NA,2021-01-18T00:00:00Z,NA
2021,FCA US LLC,Jeep,Wrangler 4dr EcoDiesel 4x4,CRX,560,3,6,Auto(A8),22,29,25,N,TC,Turbocharged,A,Automatic,8,Y,N,4,4-Wheel Drive,DU,"Diesel, ultra low sulfur (15 ppm, maximum)",Small SUV 4WD,NA,2020-08-10T00:00:00Z,NA
2021,FCA US LLC,Jeep,Wrangler Rubic 4dr EcoDiesel 4x4,CRX,561,3,6,Auto(A8),21,26,23,N,TC,Turbocharged,A,Automatic,8,Y,N,4,4-Wheel Drive,DU,"Diesel, ultra low sulfur (15 ppm, maximum)",Small SUV 4WD,NA,2020-08-10T00:00:00Z,NA
2021,Ford Motor Company,Lincoln,NAUTILUS AWD,FMX,64,2,4,Auto(A8),20,25,22,N,TC,Turbocharged,A,Automatic,8,Y,N,A,All Wheel Drive,G,Gasoline (Regular Unleaded Recommended),Small SUV 4WD,NA,2021-01-28T00:00:00Z,NA
2021,Mercedes-Benz,Mercedes-Benz,AMG GLC 43 4MATIC,MBX,310,3,6,Auto(A9),18,24,20,N,TC,Turbocharged,A,Automatic,9,Y,N,4,4-Wheel Drive,GPR,Gasoline (Premium Unleaded Required),Small SUV 4WD,NA,2020-11-22T00:00:00Z,NA
2021,Mercedes-Benz,Mercedes-Benz,AMG GLC 43 4MATIC (coupe),MBX,311,3,6,Auto(A9),17,24,20,N,TC,Turbocharged,A,Automatic,9,Y,N,4,4-Wheel Drive,GPR,Gasoline (Premium Unleaded Required),Small SUV 4WD,NA,2020-11-22T00:00:00Z,NA
2021,Mercedes-Benz,Mercedes-Benz,AMG GLC 63 4MATIC+,MBX,510,4,8,Auto(A9),15,22,17,N,TC,Turbocharged,A,Automatic,9,Y,N,4,4-Wheel Drive,GPR,Gasoline (Premium Unleaded Required),Small SUV 4WD,NA,2020-11-20T00:00:00Z,NA
2021,Mercedes-Benz,Mercedes-Benz,AMG GLC 63 4MATIC+ (coupe),MBX,512,4,8,Auto(A9),15,22,17,N,TC,Turbocharged,A,Automatic,9,Y,N,4,4-Wheel Drive,GPR,Gasoline (Premium Unleaded Required),Small SUV 4WD,NA,2020-11-20T00:00:00Z,NA
2021,Mercedes-Benz,Mercedes-Benz,AMG GLC 63 S 4MATIC+ (coupe),MBX,513,4,8,Auto(A9),15,22,17,N,TC,Turbocharged,A,Automatic,9,Y,N,4,4-Wheel Drive,GPR,Gasoline (Premium Unleaded Required),Small SUV 4WD,NA,2020-11-20T00:00:00Z,NA
2021,Mercedes-Benz,Mercedes-Benz,GLC 300 4MATIC,MBX,112,2,4,Auto(A9),21,28,23,N,TC,Turbocharged,A,Automatic,9,Y,N,4,4-Wheel Drive,GPR,Gasoline (Premium Unleaded Required),Small SUV 4WD,NA,2020-10-01T00:00:00Z,NA
2021,Mercedes-Benz,Mercedes-Benz,GLC 300 4MATIC (Coupe),MBX,130,2,4,Auto(A9),22,28,24,N,TC,Turbocharged,A,Automatic,9,Y,N,4,4-Wheel Drive,GPR,Gasoline (Premium Unleaded Required),Small SUV 4WD,NA,2020-10-01T00:00:00Z,NA
2021,Mercedes-Benz,Mercedes-Benz,GLE 350,MBX,414,2,4,Auto(A9),19,26,22,N,TC,Turbocharged,A,Automatic,9,Y,N,R,"2-Wheel Drive, Rear",GPR,Gasoline (Premium Unleaded Required),Small SUV 4WD,NA,2020-08-27T00:00:00Z,NA
2021,Mercedes-Benz,Mercedes-Benz,GLE 350 4MATIC,MBX,415,2,4,Auto(A9),19,26,22,N,TC,Turbocharged,A,Automatic,9,Y,N,4,4-Wheel Drive,GPR,Gasoline (Premium Unleaded Required),Small SUV 4WD,NA,2020-08-27T00:00:00Z,NA
2021,Subaru,Subaru,CROSSTREK AWD,FJX,14,2,4,Manual(M6),22,29,25,N,"NA",Naturally Aspirated,M,Manual,6,N,N,A,All Wheel Drive,G,Gasoline (Regular Unleaded Recommended),Small SUV 4WD,NA,2020-05-01T00:00:00Z,NA
2021,General Motors,Buick,ENCLAVE FWD,GMX,500,3.6,6,Auto(A9),18,26,21,N,"NA",Naturally Aspirated,A,Automatic,9,Y,N,F,"2-Wheel Drive, Front",G,Gasoline (Regular Unleaded Recommended),Standard SUV 2WD,NA,2020-09-22T00:00:00Z,NA
2021,General Motors,Cadillac,ESCALADE 2WD,GMX,848,3,6,Auto(A10),21,27,23,N,TC,Turbocharged,A,Automatic,10,Y,N,R,"2-Wheel Drive, Rear",DU,"Diesel, ultra low sulfur (15 ppm, maximum)",Standard SUV 2WD,NA,2020-11-16T00:00:00Z,NA
2021,General Motors,Cadillac,ESCALADE 2WD,GMX,539,6.2,8,Auto(A10),15,20,17,N,"NA",Naturally Aspirated,A,Automatic,10,Y,N,R,"2-Wheel Drive, Rear",GPR,Gasoline (Premium Unleaded Required),Standard SUV 2WD,NA,2020-05-04T00:00:00Z,NA
2021,General Motors,Chevrolet,SUBURBAN 2WD,GMX,850,3,6,Auto(A10),21,27,23,N,TC,Turbocharged,A,Automatic,10,Y,N,R,"2-Wheel Drive, Rear",DU,"Diesel, ultra low sulfur (15 ppm, maximum)",Standard SUV 2WD,NA,2020-11-16T00:00:00Z,NA
2021,General Motors,Chevrolet,SUBURBAN 2WD,GMX,550,5.3,8,Auto(A10),16,20,18,N,"NA",Naturally Aspirated,A,Automatic,10,Y,N,R,"2-Wheel Drive, Rear",G,Gasoline (Regular Unleaded Recommended),Standard SUV 2WD,NA,2020-05-04T00:00:00Z,NA
2021,General Motors,Chevrolet,SUBURBAN 2WD,GMX,541,6.2,8,Auto(A10),15,20,17,N,"NA",Naturally Aspirated,A,Automatic,10,Y,N,R,"2-Wheel Drive, Rear",GPR,Gasoline (Premium Unleaded Required),Standard SUV 2WD,NA,2020-05-04T00:00:00Z,NA
2021,General Motors,Chevrolet,TAHOE 2WD,GMX,849,3,6,Auto(A10),21,28,24,N,TC,Turbocharged,A,Automatic,10,Y,N,R,"2-Wheel Drive, Rear",DU,"Diesel, ultra low sulfur (15 ppm, maximum)",Standard SUV 2WD,NA,2020-11-16T00:00:00Z,NA
2021,General Motors,Chevrolet,TAHOE 2WD,GMX,549,5.3,8,Auto(A10),16,20,18,N,"NA",Naturally Aspirated,A,Automatic,10,Y,N,R,"2-Wheel Drive, Rear",G,Gasoline (Regular Unleaded Recommended),Standard SUV 2WD,NA,2020-05-04T00:00:00Z,NA
2021,General Motors,Chevrolet,TAHOE 2WD,GMX,540,6.2,8,Auto(A10),15,20,17,N,"NA",Naturally Aspirated,A,Automatic,10,Y,N,R,"2-Wheel Drive, Rear",GPR,Gasoline (Premium Unleaded Required),Standard SUV 2WD,NA,2020-05-04T00:00:00Z,NA
2021,General Motors,Chevrolet,TRAVERSE FWD,GMX,501,3.6,6,Auto(A9),18,27,21,N,"NA",Naturally Aspirated,A,Automatic,9,Y,N,F,"2-Wheel Drive, Front",G,Gasoline (Regular Unleaded Recommended),Standard SUV 2WD,NA,2020-09-22T00:00:00Z,NA
2021,FCA US LLC,Dodge,Durango RWD,CRX,541,3.6,6,Auto(A8),19,26,21,N,"NA",Naturally Aspirated,A,Automatic,8,Y,N,R,"2-Wheel Drive, Rear",G,Gasoline (Regular Unleaded Recommended),Standard SUV 2WD,NA,2020-09-14T00:00:00Z,NA
2021,FCA US LLC,Dodge,Durango RWD,CRX,557,5.7,8,Auto(A8),14,22,17,N,"NA",Naturally Aspirated,A,Automatic,8,Y,N,R,"2-Wheel Drive, Rear",GM,Gasoline (Mid Grade Unleaded Recommended),Standard SUV 2WD,NA,2020-10-05T00:00:00Z,NA
2021,Ford Motor Company,Ford,EXPLORER RWD,FMX,145,2.3,4,Auto(A10),21,28,24,N,TC,Turbocharged,A,Automatic,10,Y,N,R,"2-Wheel Drive, Rear",G,Gasoline (Regular Unleaded Recommended),Standard SUV 2WD,NA,2020-09-24T00:00:00Z,NA
2021,General Motors,GMC,ACADIA FWD,GMX,798,2,4,Auto(A9),22,29,25,N,TC,Turbocharged,A,Automatic,9,Y,N,F,"2-Wheel Drive, Front",G,Gasoline (Regular Unleaded Recommended),Standard SUV 2WD,NA,2020-08-10T00:00:00Z,NA
2021,General Motors,GMC,ACADIA FWD,GMX,786,2.5,4,Auto(A9),21,27,23,N,"NA",Naturally Aspirated,A,Automatic,9,Y,N,F,"2-Wheel Drive, Front",G,Gasoline (Regular Unleaded Recommended),Standard SUV 2WD,NA,2020-08-10T00:00:00Z,NA
2021,General Motors,GMC,ACADIA FWD,GMX,765,3.6,6,Auto(A9),19,27,22,N,"NA",Naturally Aspirated,A,Automatic,9,Y,N,F,"2-Wheel Drive, Front",G,Gasoline (Regular Unleaded Recommended),Standard SUV 2WD,NA,2020-08-12T00:00:00Z,NA
2021,General Motors,GMC,YUKON 2WD,GMX,852,3,6,Auto(A10),21,27,23,N,TC,Turbocharged,A,Automatic,10,Y,N,R,"2-Wheel Drive, Rear",DU,"Diesel, ultra low sulfur (15 ppm, maximum)",Standard SUV 2WD,NA,2020-11-16T00:00:00Z,NA
2021,General Motors,GMC,YUKON 2WD,GMX,551,5.3,8,Auto(A10),16,20,18,N,"NA",Naturally Aspirated,A,Automatic,10,Y,N,R,"2-Wheel Drive, Rear",G,Gasoline (Regular Unleaded Recommended),Standard SUV 2WD,NA,2020-05-04T00:00:00Z,NA
2021,General Motors,GMC,YUKON 2WD,GMX,542,6.2,8,Auto(A10),15,20,17,N,"NA",Naturally Aspirated,A,Automatic,10,Y,N,R,"2-Wheel Drive, Rear",GPR,Gasoline (Premium Unleaded Required),Standard SUV 2WD,NA,2020-05-04T00:00:00Z,NA
2021,General Motors,GMC,YUKON XL 2WD,GMX,853,3,6,Auto(A10),21,27,23,N,TC,Turbocharged,A,Automatic,10,Y,N,R,"2-Wheel Drive, Rear",DU,"Diesel, ultra low sulfur (15 ppm, maximum)",Standard SUV 2WD,NA,2020-11-16T00:00:00Z,NA
2021,General Motors,GMC,YUKON XL 2WD,GMX,552,5.3,8,Auto(A10),16,20,18,N,"NA",Naturally Aspirated,A,Automatic,10,Y,N,R,"2-Wheel Drive, Rear",G,Gasoline (Regular Unleaded Recommended),Standard SUV 2WD,NA,2020-05-04T00:00:00Z,NA
2021,General Motors,GMC,YUKON XL 2WD,GMX,543,6.2,8,Auto(A10),14,20,16,N,"NA",Naturally Aspirated,A,Automatic,10,Y,N,R,"2-Wheel Drive, Rear",GPR,Gasoline (Premium Unleaded Required),Standard SUV 2WD,NA,2020-05-04T00:00:00Z,NA
2021,FCA US LLC,Jeep,Grand Cherokee 4X2,CRX,554,3.6,6,Auto(A8),19,26,21,N,"NA",Naturally Aspirated,A,Automatic,8,Y,N,R,"2-Wheel Drive, Rear",G,Gasoline (Regular Unleaded Recommended),Standard SUV 2WD,NA,2020-09-14T00:00:00Z,NA
2021,FCA US LLC,Jeep,Grand Cherokee L 4X2,CRX,580,3.6,6,Auto(A8),19,26,21,N,"NA",Naturally Aspirated,A,Automatic,8,Y,N,R,"2-Wheel Drive, Rear",G,Gasoline (Regular Unleaded Recommended),Standard SUV 2WD,NA,2021-03-01T00:00:00Z,NA
2021,aston martin,Aston Martin Lagonda Ltd,DBX V8,ASX,6,4,8,Auto(A9),14,18,15,N,TC,Turbocharged,A,Automatic,9,Y,N,4,4-Wheel Drive,GP,Gasoline (Premium Unleaded Recommended),Standard SUV 4WD,NA,2020-08-10T00:00:00Z,N
2021,General Motors,Buick,ENCLAVE AWD,GMX,502,3.6,6,Auto(A9),17,25,20,N,"NA",Naturally Aspirated,A,Automatic,9,Y,N,A,All Wheel Drive,G,Gasoline (Regular Unleaded Recommended),Standard SUV 4WD,NA,2020-09-22T00:00:00Z,NA
2021,General Motors,Cadillac,ESCALADE 4WD,GMX,854,3,6,Auto(A10),20,26,22,N,TC,Turbocharged,A,Automatic,10,Y,N,4,4-Wheel Drive,DU,"Diesel, ultra low sulfur (15 ppm, maximum)",Standard SUV 4WD,NA,2020-12-04T00:00:00Z,NA
2021,General Motors,Cadillac,ESCALADE 4WD,GMX,544,6.2,8,Auto(A10),14,19,16,N,"NA",Naturally Aspirated,A,Automatic,10,Y,N,4,4-Wheel Drive,GPR,Gasoline (Premium Unleaded Required),Standard SUV 4WD,NA,2020-05-04T00:00:00Z,NA
2021,General Motors,Chevrolet,SUBURBAN 4WD,GMX,856,3,6,Auto(A10),20,26,22,N,TC,Turbocharged,A,Automatic,10,Y,N,4,4-Wheel Drive,DU,"Diesel, ultra low sulfur (15 ppm, maximum)",Standard SUV 4WD,NA,2020-12-07T00:00:00Z,NA
2021,General Motors,Chevrolet,SUBURBAN 4WD,GMX,669,5.3,8,Auto(A10),15,19,17,N,"NA",Naturally Aspirated,A,Automatic,10,Y,N,4,4-Wheel Drive,G,Gasoline (Regular Unleaded Recommended),Standard SUV 4WD,NA,2020-05-04T00:00:00Z,NA
2021,General Motors,Chevrolet,SUBURBAN 4WD,GMX,546,6.2,8,Auto(A10),14,19,16,N,"NA",Naturally Aspirated,A,Automatic,10,Y,N,4,4-Wheel Drive,GPR,Gasoline (Premium Unleaded Required),Standard SUV 4WD,NA,2020-05-04T00:00:00Z,NA
2021,General Motors,Chevrolet,TAHOE 4WD,GMX,855,3,6,Auto(A10),20,26,22,N,TC,Turbocharged,A,Automatic,10,Y,N,4,4-Wheel Drive,DU,"Diesel, ultra low sulfur (15 ppm, maximum)",Standard SUV 4WD,NA,2020-12-07T00:00:00Z,NA
2021,General Motors,Chevrolet,TAHOE 4WD,GMX,650,5.3,8,Auto(A10),15,19,16,N,"NA",Naturally Aspirated,A,Automatic,10,Y,N,4,4-Wheel Drive,G,Gasoline (Regular Unleaded Recommended),Standard SUV 4WD,NA,2020-12-03T00:00:00Z,NA
2021,General Motors,Chevrolet,TAHOE 4WD,GMX,668,5.3,8,Auto(A10),16,20,18,N,"NA",Naturally Aspirated,A,Automatic,10,Y,N,4,4-Wheel Drive,G,Gasoline (Regular Unleaded Recommended),Standard SUV 4WD,NA,2020-05-04T00:00:00Z,NA
2021,General Motors,Chevrolet,TAHOE 4WD,GMX,545,6.2,8,Auto(A10),14,19,16,N,"NA",Naturally Aspirated,A,Automatic,10,Y,N,4,4-Wheel Drive,GPR,Gasoline (Premium Unleaded Required),Standard SUV 4WD,NA,2020-05-04T00:00:00Z,NA
2021,General Motors,Chevrolet,TRAVERSE AWD,GMX,503,3.6,6,Auto(A9),17,25,20,N,"NA",Naturally Aspirated,A,Automatic,9,Y,N,A,All Wheel Drive,G,Gasoline (Regular Unleaded Recommended),Standard SUV 4WD,NA,2020-09-22T00:00:00Z,NA
2021,FCA US LLC,Dodge,Durango AWD,CRX,543,3.6,6,Auto(A8),18,25,21,N,"NA",Naturally Aspirated,A,Automatic,8,Y,N,A,All Wheel Drive,G,Gasoline (Regular Unleaded Recommended),Standard SUV 4WD,NA,2020-09-14T00:00:00Z,NA
2021,FCA US LLC,Dodge,Durango AWD,CRX,558,5.7,8,Auto(A8),14,22,17,N,"NA",Naturally Aspirated,A,Automatic,8,Y,N,A,All Wheel Drive,GM,Gasoline (Mid Grade Unleaded Recommended),Standard SUV 4WD,NA,2020-10-05T00:00:00Z,NA
2021,FCA US LLC,Dodge,Durango SRT AWD,CRX,517,6.2,8,Auto(A8),12,17,13,N,SC,Supercharged,A,Automatic,8,Y,N,A,All Wheel Drive,GP,Gasoline (Premium Unleaded Recommended),Standard SUV 4WD,NA,2021-01-11T00:00:00Z,NA
2021,FCA US LLC,Dodge,Durango SRT AWD,CRX,518,6.4,8,Auto(A8),13,19,15,N,"NA",Naturally Aspirated,A,Automatic,8,Y,N,A,All Wheel Drive,GP,Gasoline (Premium Unleaded Recommended),Standard SUV 4WD,NA,2020-10-19T00:00:00Z,NA
2021,Ford Motor Company,Ford,EXPLORER AWD,FMX,253,2.3,4,Auto(A10),20,27,23,N,TC,Turbocharged,A,Automatic,10,Y,N,P,Part-time 4-Wheel Drive,G,Gasoline (Regular Unleaded Recommended),Standard SUV 4WD,NA,2020-09-24T00:00:00Z,NA
2021,General Motors,GMC,ACADIA AWD,GMX,793,2,4,Auto(A9),22,27,24,N,TC,Turbocharged,A,Automatic,9,Y,N,A,All Wheel Drive,G,Gasoline (Regular Unleaded Recommended),Standard SUV 4WD,NA,2020-08-10T00:00:00Z,NA
2021,General Motors,GMC,ACADIA AWD,GMX,767,3.6,6,Auto(A9),19,26,21,N,"NA",Naturally Aspirated,A,Automatic,9,Y,N,A,All Wheel Drive,G,Gasoline (Regular Unleaded Recommended),Standard SUV 4WD,NA,2020-08-12T00:00:00Z,NA
2021,General Motors,GMC,YUKON 4WD,GMX,859,3,6,Auto(A10),20,26,22,N,TC,Turbocharged,A,Automatic,10,Y,N,4,4-Wheel Drive,DU,"Diesel, ultra low sulfur (15 ppm, maximum)",Standard SUV 4WD,NA,2020-12-07T00:00:00Z,NA
2021,General Motors,GMC,YUKON 4WD,GMX,671,5.3,8,Auto(A10),16,20,18,N,"NA",Naturally Aspirated,A,Automatic,10,Y,N,4,4-Wheel Drive,G,Gasoline (Regular Unleaded Recommended),Standard SUV 4WD,NA,2020-05-04T00:00:00Z,NA
2021,General Motors,GMC,YUKON 4WD,GMX,548,6.2,8,Auto(A10),14,19,16,N,"NA",Naturally Aspirated,A,Automatic,10,Y,N,4,4-Wheel Drive,GPR,Gasoline (Premium Unleaded Required),Standard SUV 4WD,NA,2020-05-04T00:00:00Z,NA
2021,General Motors,GMC,YUKON XL 4WD,GMX,858,3,6,Auto(A10),20,26,22,N,TC,Turbocharged,A,Automatic,10,Y,N,4,4-Wheel Drive,DU,"Diesel, ultra low sulfur (15 ppm, maximum)",Standard SUV 4WD,NA,2020-12-07T00:00:00Z,NA
2021,General Motors,GMC,YUKON XL 4WD,GMX,670,5.3,8,Auto(A10),15,19,17,N,"NA",Naturally Aspirated,A,Automatic,10,Y,N,4,4-Wheel Drive,G,Gasoline (Regular Unleaded Recommended),Standard SUV 4WD,NA,2020-05-04T00:00:00Z,NA
2021,General Motors,GMC,YUKON XL 4WD,GMX,547,6.2,8,Auto(A10),14,19,16,N,"NA",Naturally Aspirated,A,Automatic,10,Y,N,4,4-Wheel Drive,GPR,Gasoline (Premium Unleaded Required),Standard SUV 4WD,NA,2020-05-04T00:00:00Z,NA
2021,FCA US LLC,Jeep,Grand Cherokee 4X4,CRX,555,3.6,6,Auto(A8),18,25,21,N,"NA",Naturally Aspirated,A,Automatic,8,Y,N,A,All Wheel Drive,G,Gasoline (Regular Unleaded Recommended),Standard SUV 4WD,NA,2020-09-14T00:00:00Z,NA
2021,FCA US LLC,Jeep,Grand Cherokee 4X4,CRX,556,5.7,8,Auto(A8),14,22,17,N,"NA",Naturally Aspirated,A,Automatic,8,Y,N,A,All Wheel Drive,GM,Gasoline (Mid Grade Unleaded Recommended),Standard SUV 4WD,NA,2020-09-14T00:00:00Z,NA
2021,FCA US LLC,Jeep,Grand Cherokee L 4X4,CRX,581,3.6,6,Auto(A8),18,25,21,N,"NA",Naturally Aspirated,A,Automatic,8,Y,N,A,All Wheel Drive,G,Gasoline (Regular Unleaded Recommended),Standard SUV 4WD,NA,2021-03-01T00:00:00Z,NA
2021,FCA US LLC,Jeep,Grand Cherokee SRT 4x4,CRX,538,6.4,8,Auto(A8),13,19,15,N,"NA",Naturally Aspirated,A,Automatic,8,Y,N,A,All Wheel Drive,GP,Gasoline (Premium Unleaded Recommended),Standard SUV 4WD,NA,2020-10-19T00:00:00Z,NA
2021,FCA US LLC,Jeep,Grand Cherokee Trackhawk 4x4,CRX,539,6.2,8,Auto(A8),11,17,13,N,SC,Supercharged,A,Automatic,8,Y,N,A,All Wheel Drive,GP,Gasoline (Premium Unleaded Recommended),Standard SUV 4WD,NA,2021-01-11T00:00:00Z,NA
2021,Maserati,MASERATI,LEVANTE,MAX,41,3,6,Auto(A8),16,22,18,N,TC,Turbocharged,A,Automatic,8,Y,N,A,All Wheel Drive,GPR,Gasoline (Premium Unleaded Required),Standard SUV 4WD,NA,2020-09-18T00:00:00Z,N
2021,Maserati,MASERATI,LEVANTE GTS,MAX,45,3.8,8,Auto(A8),13,20,16,N,TC,Turbocharged,A,Automatic,8,Y,N,A,All Wheel Drive,GPR,Gasoline (Premium Unleaded Required),Standard SUV 4WD,NA,2020-09-18T00:00:00Z,N
2021,Maserati,MASERATI,LEVANTE S,MAX,40,3,6,Auto(A8),16,22,18,N,TC,Turbocharged,A,Automatic,8,Y,N,A,All Wheel Drive,GPR,Gasoline (Premium Unleaded Required),Standard SUV 4WD,NA,2020-09-18T00:00:00Z,N
2021,Maserati,MASERATI,LEVANTE TROFEO,MAX,46,3.8,8,Auto(A8),13,20,16,N,TC,Turbocharged,A,Automatic,8,Y,N,A,All Wheel Drive,GPR,Gasoline (Premium Unleaded Required),Standard SUV 4WD,NA,2020-09-18T00:00:00Z,N
2021,Mercedes-Benz,Mercedes-Benz,AMG G 63,MBX,440,4,8,Auto(A9),13,16,14,N,TC,Turbocharged,A,Automatic,9,Y,N,4,4-Wheel Drive,GPR,Gasoline (Premium Unleaded Required),Standard SUV 4WD,NA,2020-11-20T00:00:00Z,NA
2021,Mercedes-Benz,Mercedes-Benz,AMG GLE 53 4MATIC+,MBX,431,3,6,Auto(A9),18,22,19,N,OT,Other,A,Automatic,9,Y,N,4,4-Wheel Drive,GPR,Gasoline (Premium Unleaded Required),Standard SUV 4WD,NA,2020-06-01T00:00:00Z,N
2021,Mercedes-Benz,Mercedes-Benz,AMG GLE 53 4MATIC+ (coupe),MBX,432,3,6,Auto(A9),18,23,20,N,OT,Other,A,Automatic,9,Y,N,4,4-Wheel Drive,GPR,Gasoline (Premium Unleaded Required),Standard SUV 4WD,NA,2020-06-01T00:00:00Z,N
2021,Mercedes-Benz,Mercedes-Benz,AMG GLE 63 S 4MATIC+,MBX,401,4,8,Auto(A9),15,19,16,N,TC,Turbocharged,A,Automatic,9,Y,N,4,4-Wheel Drive,GPR,Gasoline (Premium Unleaded Required),Standard SUV 4WD,NA,2020-07-31T00:00:00Z,N
2021,Mercedes-Benz,Mercedes-Benz,AMG GLE 63 S 4MATIC+ (coupe),MBX,400,4,8,Auto(A9),15,19,17,N,TC,Turbocharged,A,Automatic,9,Y,N,4,4-Wheel Drive,GPR,Gasoline (Premium Unleaded Required),Standard SUV 4WD,NA,2020-11-20T00:00:00Z,N
2021,Mercedes-Benz,Mercedes-Benz,AMG GLS 63 4MATIC+,MBX,403,4,8,Auto(A9),14,18,16,N,TC,Turbocharged,A,Automatic,9,Y,N,4,4-Wheel Drive,GPR,Gasoline (Premium Unleaded Required),Standard SUV 4WD,NA,2020-08-04T00:00:00Z,N
2021,Mercedes-Benz,Mercedes-Benz,G 550,MBX,435,4,8,Auto(A9),17,19,18,N,TC,Turbocharged,A,Automatic,9,Y,N,4,4-Wheel Drive,GPR,Gasoline (Premium Unleaded Required),Standard SUV 4WD,NA,2020-11-30T00:00:00Z,NA
2021,Mercedes-Benz,Mercedes-Benz,GLE 450 4MATIC,MBX,408,3,6,Auto(A9),21,26,23,N,TC,Turbocharged,A,Automatic,9,Y,N,4,4-Wheel Drive,GPR,Gasoline (Premium Unleaded Required),Standard SUV 4WD,NA,2020-09-15T00:00:00Z,N
2021,Mercedes-Benz,Mercedes-Benz,GLE 580 4MATIC,MBX,405,4,8,Auto(A9),17,22,19,N,TC,Turbocharged,A,Automatic,9,Y,N,4,4-Wheel Drive,GPR,Gasoline (Premium Unleaded Required),Standard SUV 4WD,NA,2020-11-20T00:00:00Z,N
2021,Mercedes-Benz,Mercedes-Benz,GLS 450 4MATIC,MBX,421,3,6,Auto(A9),20,24,21,N,TC,Turbocharged,A,Automatic,9,Y,N,4,4-Wheel Drive,GPR,Gasoline (Premium Unleaded Required),Standard SUV 4WD,NA,2020-09-15T00:00:00Z,N
2021,Mercedes-Benz,Mercedes-Benz,GLS 580 4MATIC,MBX,406,4,8,Auto(A9),16,21,18,N,TC,Turbocharged,A,Automatic,9,Y,N,4,4-Wheel Drive,GPR,Gasoline (Premium Unleaded Required),Standard SUV 4WD,NA,2020-11-20T00:00:00Z,N
2021,Mercedes-Benz,Mercedes-Benz,GLS 600 4MATIC Maybach,MBX,404,4,8,Auto(A9),15,19,16,N,TC,Turbocharged,A,Automatic,9,Y,N,4,4-Wheel Drive,GPR,Gasoline (Premium Unleaded Required),Standard SUV 4WD,NA,2020-11-20T00:00:00Z,N
